"Old","New","OfficialNamed","OfficialObfInternal","Confidence"
"A_1004_m","SmithingTableBlock","net.minecraft.world.level.block.SmithingTableBlock","bzy","fingerprint-exact"
"a_1076_z","LidBlockEntity","net.minecraft.world.level.block.entity.LidBlockEntity","cdc","fingerprint-exact"
"a_1081_M","EvokerRenderer","net.minecraft.client.renderer.entity.EvokerRenderer","eew","fingerprint-exact"
"a_1097_T","IpBanList","net.minecraft.server.players.IpBanList","acr","fingerprint-exact"
"A_1103_d","StrongholdConfiguration","net.minecraft.world.level.levelgen.feature.configurations.StrongholdConfiguration","cmx","fingerprint-exact"
"A_1136_t","ChunkSource","net.minecraft.world.level.chunk.ChunkSource","cfz","fingerprint-exact"
"a_125_c","ProcessorRule","net.minecraft.world.level.levelgen.structure.templatesystem.ProcessorRule","csq","fingerprint-exact"
"A_1527_V","ItemBannerColorFix","net.minecraft.util.datafix.fixes.ItemBannerColorFix","aiw","fingerprint-exact"
"A_1619_D","TieredItem","net.minecraft.world.item.TieredItem","bni","fingerprint-exact"
"A_1640_Z","VillagerHostilesSensor","net.minecraft.world.entity.ai.sensing.VillagerHostilesSensor","aze","fingerprint-exact"
"A_1698_I","SquidModel","net.minecraft.client.model.SquidModel","dvx","fingerprint-exact"
"a_173_k","WoodType","net.minecraft.world.level.block.state.properties.WoodType","cfq","fingerprint-exact"
"a_1896_M","SmokingRecipeBookComponent","net.minecraft.client.gui.screens.recipebook.SmokingRecipeBookComponent","drx","fingerprint-exact"
"a_1983_N","HorseArmorLayer","net.minecraft.client.renderer.entity.layers.HorseArmorLayer","eii","fingerprint-exact"
"a_203_h","DefendVillageTargetGoal","net.minecraft.world.entity.ai.goal.target.DefendVillageTargetGoal","axo","fingerprint-exact"
"a_207_z","OpenServerTask","com.mojang.realmsclient.util.task.OpenServerTask","djb","fingerprint-exact"
"a_2085_x","RealmsServerPing","com.mojang.realmsclient.dto.RealmsServerPing","dgt","fingerprint-exact"
"a_2102_O","ServerboundSetCommandMinecartPacket","net.minecraft.network.protocol.game.ServerboundSetCommandMinecartPacket","tl","fingerprint-exact"
"a_2130_H","HoglinSpecificSensor","net.minecraft.world.entity.ai.sensing.HoglinSpecificSensor","ayr","fingerprint-exact"
"a_2180_A","RowButton","com.mojang.realmsclient.gui.RowButton","dhn","fingerprint-exact"
"a_223_m","EntityShulkerRotationFix","net.minecraft.util.datafix.fixes.EntityShulkerRotationFix","aih","fingerprint-exact"
"a_2270_z","SetEntityLookTarget","net.minecraft.world.entity.ai.behavior.SetEntityLookTarget","atl","fingerprint-exact"
"a_2273_J","DispenserScreen","net.minecraft.client.gui.screens.inventory.DispenserScreen","dqd","fingerprint-exact"
"a_2319_C","FenceGateBlock","net.minecraft.world.level.block.FenceGateBlock","bwr","fingerprint-exact"
"a_2429_v","ElderGuardian","net.minecraft.world.entity.monster.ElderGuardian","bdf","fingerprint-exact"
"a_2763_v","Foods","net.minecraft.world.food.Foods","bia","fingerprint-exact"
"A_2794_a","MovementTutorialStepInstance","net.minecraft.client.tutorial.MovementTutorialStepInstance","eob","fingerprint-exact"
"a_2824_G","Biomes","net.minecraft.data.worldgen.biome.Biomes","kt","fingerprint-exact"
"A_2871_Q","ComplexItem","net.minecraft.world.item.ComplexItem","bkr","fingerprint-exact"
"A_2996_e","MonsterRoomFeature","net.minecraft.world.level.levelgen.feature.MonsterRoomFeature","ckc","fingerprint-exact"
"A_2998_m","ItemRenameFix","net.minecraft.util.datafix.fixes.ItemRenameFix","ajb","fingerprint-exact"
"A_3131_v","LocateHidingPlace","net.minecraft.world.entity.ai.behavior.LocateHidingPlace","asr","fingerprint-exact"
"a_3229_K","GlowstoneFeature","net.minecraft.world.level.levelgen.feature.GlowstoneFeature","cjo","fingerprint-exact"
"A_3234_y","GuardianRenderer","net.minecraft.client.renderer.entity.GuardianRenderer","efe","fingerprint-exact"
"a_3282_p","ArrowRenderer","net.minecraft.client.renderer.entity.ArrowRenderer","edz","fingerprint-exact"
"a_3346_D","ForcedChunksSavedData","net.minecraft.world.level.ForcedChunksSavedData","brs","fingerprint-exact"
"a_3420_V","FeatureAccess","net.minecraft.world.level.chunk.FeatureAccess","cgd","fingerprint-exact"
"a_3553_W","TwoLayersFeatureSize","net.minecraft.world.level.levelgen.feature.featuresize.TwoLayersFeatureSize","cne","fingerprint-exact"
"A_3586_P","CombatRules","net.minecraft.world.damagesource.CombatRules","api","fingerprint-exact"
"A_361_N","EntityStringUuidFix","net.minecraft.util.datafix.fixes.EntityStringUuidFix","aij","fingerprint-exact"
"A_3733_l","RandomBlockMatchTest","net.minecraft.world.level.levelgen.structure.templatesystem.RandomBlockMatchTest","csr","fingerprint-exact"
"A_3868_H","PosAlwaysTrueTest","net.minecraft.world.level.levelgen.structure.templatesystem.PosAlwaysTrueTest","csn","fingerprint-exact"
"a_4071_g","DiggerItem","net.minecraft.world.item.DiggerItem","bkv","fingerprint-exact"
"a_4248_V","SpiderEyesLayer","net.minecraft.client.renderer.entity.layers.SpiderEyesLayer","eiz","fingerprint-exact"
"a_4251_t","Shearable","net.minecraft.world.entity.Shearable","arb","fingerprint-exact"
"A_4263_F","SpreadingSnowyDirtBlock","net.minecraft.world.level.block.SpreadingSnowyDirtBlock","cah","fingerprint-exact"
"a_4312_n","NeighborsUpdateRenderer","net.minecraft.client.renderer.debug.NeighborsUpdateRenderer","edm","fingerprint-exact"
"A_4391_K","WitherBossRenderer","net.minecraft.client.renderer.entity.WitherBossRenderer","ehl","fingerprint-exact"
"a_4431_O","StructureReferenceCountFix","net.minecraft.util.datafix.fixes.StructureReferenceCountFix","akz","fingerprint-exact"
"A_4474_F","BegGoal","net.minecraft.world.entity.ai.goal.BegGoal","ave","fingerprint-exact"
"A_4688_M","RuleTest","net.minecraft.world.level.levelgen.structure.templatesystem.RuleTest","csu","fingerprint-exact"
"A_4699_d","ServerItemCooldowns","net.minecraft.world.item.ServerItemCooldowns","bmt","fingerprint-exact"
"a_4713_k","IntegerArgumentSerializer","net.minecraft.commands.synchronization.brigadier.IntegerArgumentSerializer","fq","fingerprint-exact"
"a_4731_w","PackResources","net.minecraft.server.packs.PackResources","abj","fingerprint-exact"
"a_4735_r","Mule","net.minecraft.world.entity.animal.horse.Mule","bbg","fingerprint-exact"
"a_489_y","ServerHandshakePacketListener","net.minecraft.network.protocol.handshake.ServerHandshakePacketListener","tw","fingerprint-exact"
"a_4916_I","CryingObsidianBlock","net.minecraft.world.level.block.CryingObsidianBlock","bvu","fingerprint-exact"
"a_494_A","TagMatchTest","net.minecraft.world.level.levelgen.structure.templatesystem.TagMatchTest","ctc","fingerprint-exact"
"a_528_l","ItemEnchantmentArgument","net.minecraft.commands.arguments.ItemEnchantmentArgument","dn","fingerprint-exact"
"A_53_V","GiveCommand","net.minecraft.server.commands.GiveCommand","xe","fingerprint-exact"
"A_64_Z","LavaSlimeModel","net.minecraft.client.model.LavaSlimeModel","dup","fingerprint-exact"
"a_699_e","SpruceTreeGrower","net.minecraft.world.level.block.grower.SpruceTreeGrower","cdw","fingerprint-exact"
"a_7_L","ReplaceBlockFeature","net.minecraft.world.level.levelgen.feature.ReplaceBlockFeature","cko","fingerprint-exact"
"A_719_t","OcelotModel","net.minecraft.client.model.OcelotModel","dux","fingerprint-exact"
"A_738_V","Hotbar","net.minecraft.client.player.inventory.Hotbar","dzo","fingerprint-exact"
"a_743_J","SimpleFeatureDecorator","net.minecraft.world.level.levelgen.placement.SimpleFeatureDecorator","cqo","fingerprint-exact"
"A_77_o","SingleQuadParticle","net.minecraft.client.particle.SingleQuadParticle","dyq","fingerprint-exact"
"A_905_B","PandaRenderer","net.minecraft.client.renderer.entity.PandaRenderer","ega","fingerprint-exact"
"A_952_Q","FluidTags","net.minecraft.tags.FluidTags","aef","fingerprint-exact"
"a_97_N","Varint21FrameDecoder","net.minecraft.network.Varint21FrameDecoder","nl","fingerprint-exact"
"B_10_m","ServerboundClientInformationPacket","net.minecraft.network.protocol.game.ServerboundClientInformationPacket","sg","fingerprint-exact"
"b_1138_Y","Swim","net.minecraft.world.entity.ai.behavior.Swim","aud","fingerprint-exact"
"b_1205_t","ClientboundPlayerPositionPacket","net.minecraft.network.protocol.game.ClientboundPlayerPositionPacket","qk","fingerprint-exact"
"b_1278_r","EntityPaintingMotiveFix","net.minecraft.util.datafix.fixes.EntityPaintingMotiveFix","ahz","fingerprint-exact"
"b_1296_d","ContainerListener","net.minecraft.world.inventory.ContainerListener","bin","fingerprint-exact"
"B_1305_J","FenceBlock","net.minecraft.world.level.block.FenceBlock","bwq","fingerprint-exact"
"b_1357_O","SoulSpeedEnchantment","net.minecraft.world.item.enchantment.SoulSpeedEnchantment","bqh","fingerprint-exact"
"b_1437_C","DefaultGameModeCommands","net.minecraft.server.commands.DefaultGameModeCommands","ws","fingerprint-exact"
"b_1522_k","FlyingPathNavigation","net.minecraft.world.entity.ai.navigation.FlyingPathNavigation","ayh","fingerprint-exact"
"B_1548_Z","NyliumBlock","net.minecraft.world.level.block.NyliumBlock","byp","fingerprint-exact"
"B_1565_c","ContextAwareComponent","net.minecraft.network.chat.ContextAwareComponent","nt","fingerprint-exact"
"B_1645_S","OptionsSubScreen","net.minecraft.client.gui.screens.OptionsSubScreen","dol","fingerprint-exact"
"B_1926_t","MushroomCowRenderer","net.minecraft.client.renderer.entity.MushroomCowRenderer","efx","fingerprint-exact"
"B_1943_T","CheckerboardColumnBiomeSource","net.minecraft.world.level.biome.CheckerboardColumnBiomeSource","btc","fingerprint-exact"
"b_1964_A","ConfiguredFeature","net.minecraft.world.level.levelgen.feature.ConfiguredFeature","civ","fingerprint-exact"
"b_2006_r","DyeItem","net.minecraft.world.item.DyeItem","bky","fingerprint-exact"
"B_2157_Z","AxeItem","net.minecraft.world.item.AxeItem","bkd","fingerprint-exact"
"B_2163_V","EntityHorseSaddleFix","net.minecraft.util.datafix.fixes.EntityHorseSaddleFix","aht","fingerprint-exact"
"b_2212_g","NearestAttackableWitchTargetGoal","net.minecraft.world.entity.ai.goal.target.NearestAttackableWitchTargetGoal","axr","fingerprint-exact"
"B_2232_W","StringDecomposer","net.minecraft.util.StringDecomposer","afr","fingerprint-exact"
"B_2274_U","ClientboundContainerSetContentPacket","net.minecraft.network.protocol.game.ClientboundContainerSetContentPacket","pg","fingerprint-exact"
"B_2460_l","OffsetDoubleList","net.minecraft.world.phys.shapes.OffsetDoubleList","ddd","fingerprint-exact"
"B_2462_l","PlayerWallHeadBlock","net.minecraft.world.level.block.PlayerWallHeadBlock","byu","fingerprint-exact"
"B_2686_Q","SplashPotionItem","net.minecraft.world.item.SplashPotionItem","bnc","fingerprint-exact"
"b_2689_R","ThrowableProjectile","net.minecraft.world.entity.projectile.ThrowableProjectile","bgt","fingerprint-exact"
"B_2764_Y","ShieldDecorationRecipe","net.minecraft.world.item.crafting.ShieldDecorationRecipe","box","fingerprint-exact"
"B_2887_u","LootContextParams","net.minecraft.world.level.storage.loot.parameters.LootContextParams","dbc","fingerprint-exact"
"B_2904_u","OutlineBufferSource","net.minecraft.client.renderer.OutlineBufferSource","eah","fingerprint-exact"
"b_2921_F","FlowerBlock","net.minecraft.world.level.block.FlowerBlock","bwu","fingerprint-exact"
"b_2939_V","ReloadableIdSearchTree","net.minecraft.client.searchtree.ReloadableIdSearchTree","emz","fingerprint-exact"
"b_2957_U","V1451_5","net.minecraft.util.datafix.schemas.V1451_5","amb","fingerprint-exact"
"B_3227_v","SaveDataDirtyRunnable","net.minecraft.world.level.saveddata.SaveDataDirtyRunnable","cxr","fingerprint-exact"
"B_3229_m","GoToPotentialJobSite","net.minecraft.world.entity.ai.behavior.GoToPotentialJobSite","ask","fingerprint-exact"
"b_3308_o","AgeableListModel","net.minecraft.client.model.AgeableListModel","dtf","fingerprint-exact"
"b_3328_f","WaterlilyBlock","net.minecraft.world.level.block.WaterlilyBlock","cbo","fingerprint-exact"
"b_3387_d","Coordinates","net.minecraft.commands.arguments.coordinates.Coordinates","em","fingerprint-exact"
"B_3545_z","AttributeMap","net.minecraft.world.entity.ai.attributes.AttributeMap","ari","fingerprint-exact"
"b_3651_i","SweepingEdgeEnchantment","net.minecraft.world.item.enchantment.SweepingEdgeEnchantment","bqi","fingerprint-exact"
"B_3750_j","BoneMealItem","net.minecraft.world.item.BoneMealItem","bkj","fingerprint-exact"
"b_3789_Y","WeighedRandom","net.minecraft.util.WeighedRandom","afz","fingerprint-exact"
"B_3958_i","LavaFluid","net.minecraft.world.level.material.LavaFluid","cuz","fingerprint-exact"
"b_4154_I","BreakDoorGoal","net.minecraft.world.entity.ai.goal.BreakDoorGoal","avg","fingerprint-exact"
"b_4238_N","Sensor","net.minecraft.world.entity.ai.sensing.Sensor","azb","fingerprint-exact"
"B_4386_s","DolphinCarryingItemLayer","net.minecraft.client.renderer.entity.layers.DolphinCarryingItemLayer","eib","fingerprint-exact"
"B_4533_h","WorldGenTickList","net.minecraft.server.level.WorldGenTickList","aan","fingerprint-exact"
"B_4559_i","PathNavigation","net.minecraft.world.entity.ai.navigation.PathNavigation","ayj","fingerprint-exact"
"B_473_s","WitherBossModel","net.minecraft.client.model.WitherBossModel","dwh","fingerprint-exact"
"B_4777_y","LargeFireball","net.minecraft.world.entity.projectile.LargeFireball","bgk","fingerprint-exact"
"b_4918_b","WeightedPressurePlateBlock","net.minecraft.world.level.block.WeightedPressurePlateBlock","cbs","fingerprint-exact"
"B_534_N","SquidRenderer","net.minecraft.client.renderer.entity.SquidRenderer","egv","fingerprint-exact"
"b_587_H","RandomPatchFeature","net.minecraft.world.level.levelgen.feature.RandomPatchFeature","ckl","fingerprint-exact"
"B_687_f","ColorArgument","net.minecraft.commands.arguments.ColorArgument","df","fingerprint-exact"
"B_690_l","RedstoneWireConnectionsFix","net.minecraft.util.datafix.fixes.RedstoneWireConnectionsFix","akm","fingerprint-exact"
"B_719_q","Projectile","net.minecraft.world.entity.projectile.Projectile","bgm","fingerprint-exact"
"b_776_z","ClientAdvancements","net.minecraft.client.multiplayer.ClientAdvancements","dwq","fingerprint-exact"
"B_795_t","ImprovedNoise","net.minecraft.world.level.levelgen.synth.ImprovedNoise","ctz","fingerprint-exact"
"B_917_L","Rotations","net.minecraft.core.Rotations","go","fingerprint-exact"
"B_932_G","DebugPackets","net.minecraft.network.protocol.game.DebugPackets","rz","fingerprint-exact"
"c_1000_h","Music","net.minecraft.sounds.Music","adn","fingerprint-exact"
"c_1002_U","FillLayerFeature","net.minecraft.world.level.levelgen.feature.FillLayerFeature","cjm","fingerprint-exact"
"c_1143_b","V2100","net.minecraft.util.datafix.schemas.V2100","amu","fingerprint-exact"
"c_1163_F","BodyRotationControl","net.minecraft.world.entity.ai.control.BodyRotationControl","auu","fingerprint-exact"
"C_1236_s","featureGlowstoneFeature","net.minecraft.world.level.levelgen.feature.GlowstoneFeature","cjo","fingerprint-exact"
"c_1303_G","AbstractPiglin","net.minecraft.world.entity.monster.piglin.AbstractPiglin","ber","fingerprint-exact"
"C_1449_h","NonTameRandomTargetGoal","net.minecraft.world.entity.ai.goal.target.NonTameRandomTargetGoal","axt","fingerprint-exact"
"c_1456_x","ReplaceBlockConfiguration","net.minecraft.world.level.levelgen.feature.configurations.ReplaceBlockConfiguration","cmp","fingerprint-exact"
"C_1610_o","ClearInventoryCommands","net.minecraft.server.commands.ClearInventoryCommands","wl","fingerprint-exact"
"C_1642_K","HeightmapDecorator","net.minecraft.world.level.levelgen.placement.HeightmapDecorator","cqf","fingerprint-exact"
"c_1655_s","DolphinJumpGoal","net.minecraft.world.entity.ai.goal.DolphinJumpGoal","avl","fingerprint-exact"
"c_1656_r","StructurePieceType","net.minecraft.world.level.levelgen.feature.StructurePieceType","clb","fingerprint-exact"
"c_167_q","PlayerTeam","net.minecraft.world.scores.PlayerTeam","ddl","fingerprint-exact"
"c_1675_v","CatLieOnBedGoal","net.minecraft.world.entity.ai.goal.CatLieOnBedGoal","avj","fingerprint-exact"
"c_18_i","ShulkerBoxScreen","net.minecraft.client.gui.screens.inventory.ShulkerBoxScreen","dqu","fingerprint-exact"
"c_1871_z","SpellcasterIllager","net.minecraft.world.entity.monster.SpellcasterIllager","bea","fingerprint-exact"
"c_1884_L","RingBell","net.minecraft.world.entity.ai.behavior.RingBell","atg","fingerprint-exact"
"C_1919_k","TagContainer","net.minecraft.tags.TagContainer","aen","fingerprint-exact"
"c_1929_R","ProcessorLists","net.minecraft.data.worldgen.ProcessorLists","kl","fingerprint-exact"
"c_1957_A","AbstractHugeMushroomFeature","net.minecraft.world.level.levelgen.feature.AbstractHugeMushroomFeature","cij","fingerprint-exact"
"c_1972_i","AreaTransformer1","net.minecraft.world.level.newbiome.layer.traits.AreaTransformer1","cwm","fingerprint-exact"
"c_2034_U","SpriteSet","net.minecraft.client.particle.SpriteSet","dyw","fingerprint-exact"
"c_2074_V","FluidState","net.minecraft.world.level.material.FluidState","cux","fingerprint-exact"
"C_2406_H","RandomLookAroundGoal","net.minecraft.world.entity.ai.goal.RandomLookAroundGoal","aws","fingerprint-exact"
"c_247_k","TrunkPlacer","net.minecraft.world.level.levelgen.feature.trunkplacers.TrunkPlacer","cpb","fingerprint-exact"
"C_2483_b","ProbabilityFeatureConfiguration","net.minecraft.world.level.levelgen.feature.configurations.ProbabilityFeatureConfiguration","cmk","fingerprint-exact"
"C_2518_q","GrowingPlantBlock","net.minecraft.world.level.block.GrowingPlantBlock","bxf","fingerprint-exact"
"c_254_F","CodModel","net.minecraft.client.model.CodModel","dts","fingerprint-exact"
"c_2569_A","HoglinModel","net.minecraft.client.model.HoglinModel","duj","fingerprint-exact"
"C_2579_C","GravellyMountainSurfaceBuilder","net.minecraft.world.level.levelgen.surfacebuilders.GravellyMountainSurfaceBuilder","ctl","fingerprint-exact"
"c_2685_h","ClientSuggestionProvider","net.minecraft.client.multiplayer.ClientSuggestionProvider","dwv","fingerprint-exact"
"c_279_F","StartCelebratingIfTargetDead","net.minecraft.world.entity.ai.behavior.StartCelebratingIfTargetDead","atx","fingerprint-exact"
"C_2803_j","SetPlayerIdleTimeoutCommand","net.minecraft.server.commands.SetPlayerIdleTimeoutCommand","yf","fingerprint-exact"
"c_2839_e","EntityWolfColorFix","net.minecraft.util.datafix.fixes.EntityWolfColorFix","ain","fingerprint-exact"
"c_2852_J","EntityCustomNameToComponentFix","net.minecraft.util.datafix.fixes.EntityCustomNameToComponentFix","ahp","fingerprint-exact"
"C_2859_C","FlameParticle","net.minecraft.client.particle.FlameParticle","dxw","fingerprint-exact"
"c_3078_y","DedicatedPlayerList","net.minecraft.server.dedicated.DedicatedPlayerList","zf","fingerprint-exact"
"C_3248_L","SpruceFoliagePlacer","net.minecraft.world.level.levelgen.feature.foliageplacers.SpruceFoliagePlacer","cnq","fingerprint-exact"
"c_3250_q","ServerboundKeyPacket","net.minecraft.network.protocol.login.ServerboundKeyPacket","uh","fingerprint-exact"
"c_3256_G","RenameBiomesFix","net.minecraft.util.datafix.fixes.RenameBiomesFix","akp","fingerprint-exact"
"C_3257_a","GiftLoot","net.minecraft.data.loot.GiftLoot","id","fingerprint-exact"
"c_3275_o","Merchant","net.minecraft.world.item.trading.Merchant","bqu","fingerprint-exact"
"c_3333_o","SectionPos","net.minecraft.core.SectionPos","gp","fingerprint-exact"
"c_3514_M","ServerLevelAccessor","net.minecraft.world.level.ServerLevelAccessor","bsk","fingerprint-exact"
"c_3832_H","ServerLevelData","net.minecraft.world.level.storage.ServerLevelData","cym","fingerprint-exact"
"c_3921_M","HugeFungusFeature","net.minecraft.world.level.levelgen.feature.HugeFungusFeature","cjr","fingerprint-exact"
"c_3946_f","SkeletonRenderer","net.minecraft.client.renderer.entity.SkeletonRenderer","egq","fingerprint-exact"
"C_4264_t","EndPortalFrameBlock","net.minecraft.world.level.block.EndPortalFrameBlock","bwj","fingerprint-exact"
"C_45_m","AmbientParticleSettings","net.minecraft.world.level.biome.AmbientParticleSettings","bsu","fingerprint-exact"
"c_4567_u","ChickenModel","net.minecraft.client.model.ChickenModel","dtr","fingerprint-exact"
"c_4592_m","SoundType","net.minecraft.world.level.block.SoundType","cae","fingerprint-exact"
"C_4612_i","Session","net.minecraft.client.Session","dki","fingerprint-exact"
"c_4670_q","NearestAttackableTargetGoal","net.minecraft.world.entity.ai.goal.target.NearestAttackableTargetGoal","axq","fingerprint-exact"
"C_4675_R","ShulkerBoxSlot","net.minecraft.world.inventory.ShulkerBoxSlot","bjp","fingerprint-exact"
"c_4681_l","Abilities","net.minecraft.world.entity.player.Abilities","bft","fingerprint-exact"
"c_4754_A","CommonLevelAccessor","net.minecraft.world.level.CommonLevelAccessor","bri","fingerprint-exact"
"C_4813_p","ObjectiveRenderTypeFix","net.minecraft.util.datafix.fixes.ObjectiveRenderTypeFix","ajy","fingerprint-exact"
"c_4819_k","ContinuousProfiler","net.minecraft.util.profiling.ContinuousProfiler","anq","fingerprint-exact"
"C_4862_a","HopperScreen","net.minecraft.client.gui.screens.inventory.HopperScreen","dqj","fingerprint-exact"
"c_4918_N","BlobFoliagePlacer","net.minecraft.world.level.levelgen.feature.foliageplacers.BlobFoliagePlacer","cnh","fingerprint-exact"
"C_4961_A","LayerLightEventListener","net.minecraft.world.level.lighting.LayerLightEventListener","cum","fingerprint-exact"
"c_651_T","BiomeGenerationSettings","net.minecraft.world.level.biome.BiomeGenerationSettings","bsw","fingerprint-exact"
"C_667_u","JigsawPropertiesFix","net.minecraft.util.datafix.fixes.JigsawPropertiesFix","ajl","fingerprint-exact"
"c_711_p","ClientboundSetPassengersPacket","net.minecraft.network.protocol.game.ClientboundSetPassengersPacket","rh","fingerprint-exact"
"c_748_f","VillagerBabiesSensor","net.minecraft.world.entity.ai.sensing.VillagerBabiesSensor","azd","fingerprint-exact"
"c_876_D","FrozenOceanSurfaceBuilder","net.minecraft.world.level.levelgen.surfacebuilders.FrozenOceanSurfaceBuilder","ctj","fingerprint-exact"
"c_89_I","StructureStart","net.minecraft.world.level.levelgen.structure.StructureStart","crv","fingerprint-exact"
"C_893_i","AgableMob","net.minecraft.world.entity.AgableMob","apy","fingerprint-exact"
"D_1056_T","ValueObject","com.mojang.realmsclient.dto.ValueObject","dhc","fingerprint-exact"
"d_1162_R","Bat","net.minecraft.world.entity.ambient.Bat","azu","fingerprint-exact"
"d_131_x","MerchantResultSlot","net.minecraft.world.inventory.MerchantResultSlot","bjh","fingerprint-exact"
"d_1325_P","HorseModel","net.minecraft.client.model.HorseModel","duk","fingerprint-exact"
"D_1476_Z","DoubleHighBlockItem","net.minecraft.world.item.DoubleHighBlockItem","bkw","fingerprint-exact"
"d_162_m","StopAdmiringIfTiredOfTryingToReachItem","net.minecraft.world.entity.monster.piglin.StopAdmiringIfTiredOfTryingToReachItem","bfb","fingerprint-exact"
"D_1653_J","HayBlock","net.minecraft.world.level.block.HayBlock","bxj","fingerprint-exact"
"D_1676_a","CountNoiseDecorator","net.minecraft.world.level.levelgen.placement.CountNoiseDecorator","cpq","fingerprint-exact"
"d_1719_y","SpectralArrow","net.minecraft.world.entity.projectile.SpectralArrow","bgr","fingerprint-exact"
"d_1819_J","BlastFurnaceBlock","net.minecraft.world.level.block.BlastFurnaceBlock","bun","fingerprint-exact"
"D_1906_W","SingleItemRecipe","net.minecraft.world.item.crafting.SingleItemRecipe","bpb","fingerprint-exact"
"D_1909_q","OfferFlowerGoal","net.minecraft.world.entity.ai.goal.OfferFlowerGoal","awn","fingerprint-exact"
"D_1910_w","PatrollingMonster","net.minecraft.world.entity.monster.PatrollingMonster","bdr","fingerprint-exact"
"d_192_k","Donkey","net.minecraft.world.entity.animal.horse.Donkey","bbc","fingerprint-exact"
"d_1999_o","CoralPlantBlock","net.minecraft.world.level.block.CoralPlantBlock","bvp","fingerprint-exact"
"D_2188_X","Giant","net.minecraft.world.entity.monster.Giant","bdl","fingerprint-exact"
"D_2209_Z","PlaySoundCommand","net.minecraft.server.commands.PlaySoundCommand","xr","fingerprint-exact"
"D_2386_I","BlockStateProperties","net.minecraft.world.level.block.state.properties.BlockStateProperties","cex","fingerprint-exact"
"d_2414_Q","ChunkLightRemoveFix","net.minecraft.util.datafix.fixes.ChunkLightRemoveFix","ahd","fingerprint-exact"
"D_245_L","TickList","net.minecraft.world.level.TickList","bso","fingerprint-exact"
"d_2497_W","ChunkAccess","net.minecraft.world.level.chunk.ChunkAccess","cfw","fingerprint-exact"
"d_2509_l","VoidStartPlatformFeature","net.minecraft.world.level.levelgen.feature.VoidStartPlatformFeature","clh","fingerprint-exact"
"D_2524_q","EmptyMapItem","net.minecraft.world.item.EmptyMapItem","ble","fingerprint-exact"
"D_2560_i","ChunkStatus","net.minecraft.world.level.chunk.ChunkStatus","cga","fingerprint-exact"
"d_2706_O","RandomSelectorFeature","net.minecraft.world.level.levelgen.feature.RandomSelectorFeature","ckm","fingerprint-exact"
"D_2749_N","PageButton","net.minecraft.client.gui.screens.inventory.PageButton","dqt","fingerprint-exact"
"d_275_W","StraightTrunkPlacer","net.minecraft.world.level.levelgen.feature.trunkplacers.StraightTrunkPlacer","cpa","fingerprint-exact"
"D_2820_L","DefaultedRegistry","net.minecraft.core.DefaultedRegistry","gb","fingerprint-exact"
"D_2927_O","SolidFaceRenderer","net.minecraft.client.renderer.debug.SolidFaceRenderer","edp","fingerprint-exact"
"d_2992_c","Enchantments","net.minecraft.world.item.enchantment.Enchantments","bpw","fingerprint-exact"
"D_3030_E","ContainerScreen","net.minecraft.client.gui.screens.inventory.ContainerScreen","dpz","fingerprint-exact"
"d_3113_P","FallingBlockRenderer","net.minecraft.client.renderer.entity.FallingBlockRenderer","eey","fingerprint-exact"
"d_3246_P","ServerboundHelloPacket","net.minecraft.network.protocol.login.ServerboundHelloPacket","ug","fingerprint-exact"
"d_3332_t","FormattedCharSequence","net.minecraft.util.FormattedCharSequence","afa","fingerprint-exact"
"D_3390_P","RecipeCollection","net.minecraft.client.gui.screens.recipebook.RecipeCollection","drt","fingerprint-exact"
"d_3395_Z","ClientboundCustomQueryPacket","net.minecraft.network.protocol.login.ClientboundCustomQueryPacket","tz","fingerprint-exact"
"d_3428_l","ChunkStatusFix","net.minecraft.util.datafix.fixes.ChunkStatusFix","ahf","fingerprint-exact"
"d_3466_x","TextFilter","net.minecraft.server.network.TextFilter","abc","fingerprint-exact"
"d_3593_k","WolfRenderer","net.minecraft.client.renderer.entity.WolfRenderer","eho","fingerprint-exact"
"D_3629_r","LakeFeature","net.minecraft.world.level.levelgen.feature.LakeFeature","cka","fingerprint-exact"
"d_3832_U","GrowingPlantHeadBlock","net.minecraft.world.level.block.GrowingPlantHeadBlock","bxh","fingerprint-exact"
"D_3842_P","NoSurfaceOreFeature","net.minecraft.world.level.levelgen.feature.NoSurfaceOreFeature","ckg","fingerprint-exact"
"D_3912_C","ShowTradesToPlayer","net.minecraft.world.entity.ai.behavior.ShowTradesToPlayer","att","fingerprint-exact"
"d_3946_V","MagmaDecorator","net.minecraft.world.level.levelgen.placement.nether.MagmaDecorator","cqw","fingerprint-exact"
"D_4169_V","MegaPineFoliagePlacer","net.minecraft.world.level.levelgen.feature.foliageplacers.MegaPineFoliagePlacer","cno","fingerprint-exact"
"D_4214_A","TheEndBiomeSource","net.minecraft.world.level.biome.TheEndBiomeSource","btk","fingerprint-exact"
"d_4347_R","ForestFlowerProvider","net.minecraft.world.level.levelgen.feature.stateproviders.ForestFlowerProvider","cnv","fingerprint-exact"
"d_4460_l","MushroomBlock","net.minecraft.world.level.block.MushroomBlock","byh","fingerprint-exact"
"D_4510_v","StrollToPoiList","net.minecraft.world.entity.ai.behavior.StrollToPoiList","auc","fingerprint-exact"
"D_4630_p","GravityProcessor","net.minecraft.world.level.levelgen.structure.templatesystem.GravityProcessor","csi","fingerprint-exact"
"D_4679_W","V1451_1","net.minecraft.util.datafix.schemas.V1451_1","alx","fingerprint-exact"
"D_4691_X","SensorType","net.minecraft.world.entity.ai.sensing.SensorType","azc","fingerprint-exact"
"D_4695_C","DataLayerStorageMap","net.minecraft.world.level.lighting.DataLayerStorageMap","cui","fingerprint-exact"
"D_4714_s","BlockElement","net.minecraft.client.renderer.block.model.BlockElement","ebb","fingerprint-exact"
"D_4863_l","DragonBreathParticle","net.minecraft.client.particle.DragonBreathParticle","dxo","fingerprint-exact"
"d_4907_T","MinecartChest","net.minecraft.world.entity.vehicle.MinecartChest","bhq","fingerprint-exact"
"d_4960_U","Keyframe","net.minecraft.world.entity.schedule.Keyframe","bhg","fingerprint-exact"
"D_513_P","BlockEntityBlockStateFix","net.minecraft.util.datafix.fixes.BlockEntityBlockStateFix","ago","fingerprint-exact"
"d_529_M","V1920","net.minecraft.util.datafix.schemas.V1920","amq","fingerprint-exact"
"D_80_q","SetRaidStatus","net.minecraft.world.entity.ai.behavior.SetRaidStatus","ato","fingerprint-exact"
"D_851_e","FeatureSize","net.minecraft.world.level.levelgen.feature.featuresize.FeatureSize","cnb","fingerprint-exact"
"d_924_S","OreConfiguration","net.minecraft.world.level.levelgen.feature.configurations.OreConfiguration","cmj","fingerprint-exact"
"D_938_z","BlockPredicateArgument","net.minecraft.commands.arguments.blocks.BlockPredicateArgument","eg","fingerprint-exact"
"E_1005_B","EndPortalBlock","net.minecraft.world.level.block.EndPortalBlock","bwi","fingerprint-exact"
"e_1012_p","BlockEntityIdFix","net.minecraft.util.datafix.fixes.BlockEntityIdFix","agq","fingerprint-exact"
"E_1014_J","FlyingMoveControl","net.minecraft.world.entity.ai.control.FlyingMoveControl","auy","fingerprint-exact"
"E_1023_u","RandomStrollGoal","net.minecraft.world.entity.ai.goal.RandomStrollGoal","awt","fingerprint-exact"
"E_1140_e","TextRenderingUtils","com.mojang.realmsclient.util.TextRenderingUtils","diu","fingerprint-exact"
"E_1346_W","SpiderModel","net.minecraft.client.model.SpiderModel","dvw","fingerprint-exact"
"E_1364_E","ClientboundSetCameraPacket","net.minecraft.network.protocol.game.ClientboundSetCameraPacket","qu","fingerprint-exact"
"E_1439_M","CommandSource","net.minecraft.commands.CommandSource","da","fingerprint-exact"
"e_1462_b","VillagerCalmDown","net.minecraft.world.entity.ai.behavior.VillagerCalmDown","auk","fingerprint-exact"
"E_1530_R","EnderEyeItem","net.minecraft.world.item.EnderEyeItem","bli","fingerprint-exact"
"e_1588_z","ListPlayersCommand","net.minecraft.server.commands.ListPlayersCommand","xi","fingerprint-exact"
"E_1636_X","ReplaceSphereConfiguration","net.minecraft.world.level.levelgen.feature.configurations.ReplaceSphereConfiguration","cmq","fingerprint-exact"
"e_1647_b","BlockEntityShulkerBoxColorFix","net.minecraft.util.datafix.fixes.BlockEntityShulkerBoxColorFix","agt","fingerprint-exact"
"e_1695_n","ConfiguredSurfaceBuilder","net.minecraft.world.level.levelgen.surfacebuilders.ConfiguredSurfaceBuilder","ctg","fingerprint-exact"
"e_1725_N","CraftingTableBlock","net.minecraft.world.level.block.CraftingTableBlock","bvr","fingerprint-exact"
"E_1898_x","SectionTracker","net.minecraft.server.level.SectionTracker","aac","fingerprint-exact"
"E_2149_C","SurfaceBuilder","net.minecraft.world.level.levelgen.surfacebuilders.SurfaceBuilder","ctt","fingerprint-exact"
"e_2292_P","SocializeAtBell","net.minecraft.world.entity.ai.behavior.SocializeAtBell","atv","fingerprint-exact"
"e_2378_p","AbstractHorseRenderer","net.minecraft.client.renderer.entity.AbstractHorseRenderer","edv","fingerprint-exact"
"e_2411_Y","ToggleKeyMapping","net.minecraft.client.ToggleKeyMapping","dkl","fingerprint-exact"
"E_2509_S","SetWalkTargetFromLookTarget","net.minecraft.world.entity.ai.behavior.SetWalkTargetFromLookTarget","ats","fingerprint-exact"
"e_2537_L","RealmsLongConfirmationScreen","com.mojang.realmsclient.gui.screens.RealmsLongConfirmationScreen","dhy","fingerprint-exact"
"E_2565_m","Pillager","net.minecraft.world.entity.monster.Pillager","bdt","fingerprint-exact"
"e_2637_A","Musics","net.minecraft.sounds.Musics","ado","fingerprint-exact"
"e_2694_z","ItemInput","net.minecraft.commands.arguments.item.ItemInput","ex","fingerprint-exact"
"e_2707_A","ReloadInstance","net.minecraft.server.packs.resources.ReloadInstance","ace","fingerprint-exact"
"e_2738_u","LinearPalette","net.minecraft.world.level.chunk.LinearPalette","cgk","fingerprint-exact"
"E_2809_X","AbstractFlowerFeature","net.minecraft.world.level.levelgen.feature.AbstractFlowerFeature","cii","fingerprint-exact"
"e_2821_t","ChunkStructuresTemplateRenameFix","net.minecraft.util.datafix.fixes.ChunkStructuresTemplateRenameFix","ahh","fingerprint-exact"
"E_2986_d","AbstractGlassBlock","net.minecraft.world.level.block.AbstractGlassBlock","btp","fingerprint-exact"
"E_3047_y","PlayerUUIDFix","net.minecraft.util.datafix.fixes.PlayerUUIDFix","akh","fingerprint-exact"
"E_3052_A","BlockInput","net.minecraft.commands.arguments.blocks.BlockInput","ef","fingerprint-exact"
"e_3059_b","ObjectiveDisplayNameFix","net.minecraft.util.datafix.fixes.ObjectiveDisplayNameFix","ajx","fingerprint-exact"
"e_3163_A","DiscreteCubeMerger","net.minecraft.world.phys.shapes.DiscreteCubeMerger","dcv","fingerprint-exact"
"e_3180_N","V703","net.minecraft.util.datafix.schemas.V703","anh","fingerprint-exact"
"E_3182_M","OptionsList","net.minecraft.client.gui.components.OptionsList","dlx","fingerprint-exact"
"E_3200_x","GrindstoneScreen","net.minecraft.client.gui.screens.inventory.GrindstoneScreen","dqi","fingerprint-exact"
"e_3292_M","TargetingConditions","net.minecraft.world.entity.ai.targeting.TargetingConditions","azg","fingerprint-exact"
"e_3353_g","KeyValueCondition","net.minecraft.client.renderer.block.model.multipart.KeyValueCondition","ebr","fingerprint-exact"
"e_3400_A","LazyArea","net.minecraft.world.level.newbiome.area.LazyArea","cvh","fingerprint-exact"
"E_3434_d","ServerboundInteractPacket","net.minecraft.network.protocol.game.ServerboundInteractPacket","sp","fingerprint-exact"
"E_3508_V","ClientboundSetObjectivePacket","net.minecraft.network.protocol.game.ClientboundSetObjectivePacket","rg","fingerprint-exact"
"E_3556_s","ClientboundBlockBreakAckPacket","net.minecraft.network.protocol.game.ClientboundBlockBreakAckPacket","ou","fingerprint-exact"
"E_3558_S","V102","net.minecraft.util.datafix.schemas.V102","alp","fingerprint-exact"
"e_3591_Z","Checkbox","net.minecraft.client.gui.components.Checkbox","dll","fingerprint-exact"
"e_3605_B","EditServerScreen","net.minecraft.client.gui.screens.EditServerScreen","dob","fingerprint-exact"
"E_3641_Z","BlockPredicate","net.minecraft.world.level.block.state.predicate.BlockPredicate","ceq","fingerprint-exact"
"E_3677_y","EvokerFangsRenderer","net.minecraft.client.renderer.entity.EvokerFangsRenderer","eev","fingerprint-exact"
"E_3734_w","FlyingMob","net.minecraft.world.entity.FlyingMob","aqh","fingerprint-exact"
"e_3846_Q","BeaconMenu","net.minecraft.world.inventory.BeaconMenu","bif","fingerprint-exact"
"e_3851_R","CampfireRenderer","net.minecraft.client.renderer.blockentity.CampfireRenderer","ecg","fingerprint-exact"
"e_3858_k","WorldgenRandom","net.minecraft.world.level.levelgen.WorldgenRandom","chx","fingerprint-exact"
"e_3987_w","MoveToTargetSink","net.minecraft.world.entity.ai.behavior.MoveToTargetSink","asy","fingerprint-exact"
"E_3995_f","ItemStackUUIDFix","net.minecraft.util.datafix.fixes.ItemStackUUIDFix","aji","fingerprint-exact"
"e_4013_a","RepeaterBlock","net.minecraft.world.level.block.RepeaterBlock","bzi","fingerprint-exact"
"E_4121_K","CreativeInventoryListener","net.minecraft.client.gui.screens.inventory.CreativeInventoryListener","dqb","fingerprint-exact"
"e_418_o","SquidInkParticle","net.minecraft.client.particle.SquidInkParticle","dyx","fingerprint-exact"
"E_4427_J","FossilFeature","net.minecraft.world.level.levelgen.feature.FossilFeature","cjn","fingerprint-exact"
"E_4517_x","ColumnFeatureConfiguration","net.minecraft.world.level.levelgen.feature.configurations.ColumnFeatureConfiguration","clt","fingerprint-exact"
"E_4539_o","DiskConfiguration","net.minecraft.world.level.levelgen.feature.configurations.DiskConfiguration","cly","fingerprint-exact"
"E_4541_S","ReentrantBlockableEventLoop","net.minecraft.util.thread.ReentrantBlockableEventLoop","aof","fingerprint-exact"
"e_4572_R","ItemFrameItem","net.minecraft.world.item.ItemFrameItem","blz","fingerprint-exact"
"E_4610_k","CrossedArmsItemLayer","net.minecraft.client.renderer.entity.layers.CrossedArmsItemLayer","ehy","fingerprint-exact"
"e_4690_z","Silverfish","net.minecraft.world.entity.monster.Silverfish","bdx","fingerprint-exact"
"E_4746_Y","StrayClothingLayer","net.minecraft.client.renderer.entity.layers.StrayClothingLayer","ejb","fingerprint-exact"
"E_475_h","V100","net.minecraft.util.datafix.schemas.V100","alo","fingerprint-exact"
"E_4764_c","LevelUUIDFix","net.minecraft.util.datafix.fixes.LevelUUIDFix","ajq","fingerprint-exact"
"e_4841_k","TimeUtil","net.minecraft.util.TimeUtil","afu","fingerprint-exact"
"e_4892_q","PolarBearModel","net.minecraft.client.model.PolarBearModel","dve","fingerprint-exact"
"E_509_P","Serializer","net.minecraft.world.level.storage.loot.Serializer","cze","fingerprint-exact"
"E_68_z","PackRepository","net.minecraft.server.packs.repository.PackRepository","abw","fingerprint-exact"
"E_76_f","TestFunction","net.minecraft.gametest.framework.TestFunction","lu","fingerprint-exact"
"E_852_T","GameConfig","net.minecraft.client.main.GameConfig","dsz","fingerprint-exact"
"E_97_s","CustomSpawner","net.minecraft.world.level.CustomSpawner","brj","fingerprint-exact"
"F_103_K","CropBlock","net.minecraft.world.level.block.CropBlock","bvs","fingerprint-exact"
"F_119_O","LightningBoltRenderer","net.minecraft.client.renderer.entity.LightningBoltRenderer","efq","fingerprint-exact"
"f_1235_L","BadlandsSurfaceBuilder","net.minecraft.world.level.levelgen.surfacebuilders.BadlandsSurfaceBuilder","cte","fingerprint-exact"
"f_1258_K","RuleProcessor","net.minecraft.world.level.levelgen.structure.templatesystem.RuleProcessor","cst","fingerprint-exact"
"f_132_e","SimpleWaterloggedBlock","net.minecraft.world.level.block.SimpleWaterloggedBlock","bzu","fingerprint-exact"
"f_1320_l","SimpleStateProvider","net.minecraft.world.level.levelgen.feature.stateproviders.SimpleStateProvider","cny","fingerprint-exact"
"f_1450_u","PunchTreeTutorialStepInstance","net.minecraft.client.tutorial.PunchTreeTutorialStepInstance","eod","fingerprint-exact"
"f_1607_n","RetryCallException","com.mojang.realmsclient.exception.RetryCallException","dhj","fingerprint-exact"
"f_1617_k","TropicalFishModelA","net.minecraft.client.model.TropicalFishModelA","dwa","fingerprint-exact"
"F_1637_a","AmbientMoodSettings","net.minecraft.world.level.biome.AmbientMoodSettings","bst","fingerprint-exact"
"f_1667_h","SecondaryPoiSensor","net.minecraft.world.entity.ai.sensing.SecondaryPoiSensor","ayz","fingerprint-exact"
"F_1804_H","BabyFollowAdult","net.minecraft.world.entity.ai.behavior.BabyFollowAdult","ars","fingerprint-exact"
"f_1887_Q","ParticleArgument","net.minecraft.commands.arguments.ParticleArgument","dw","fingerprint-exact"
"F_1908_D","SuspendedParticle","net.minecraft.client.particle.SuspendedParticle","dyy","fingerprint-exact"
"F_2069_v","LeavesBlock","net.minecraft.world.level.block.LeavesBlock","bxx","fingerprint-exact"
"F_2190_Z","ThrowablePotionItem","net.minecraft.world.item.ThrowablePotionItem","bng","fingerprint-exact"
"F_229_J","InactiveProfiler","net.minecraft.util.profiling.InactiveProfiler","ant","fingerprint-exact"
"f_2295_i","MoveTowardsRestrictionGoal","net.minecraft.world.entity.ai.goal.MoveTowardsRestrictionGoal","awk","fingerprint-exact"
"f_2651_U","CreeperModel","net.minecraft.client.model.CreeperModel","dtw","fingerprint-exact"
"f_2739_e","MilkBucketItem","net.minecraft.world.item.MilkBucketItem","bmi","fingerprint-exact"
"F_2780_K","RealmsBridge","net.minecraft.realms.RealmsBridge","eok","fingerprint-exact"
"F_285_J","FancyFoliagePlacer","net.minecraft.world.level.levelgen.feature.foliageplacers.FancyFoliagePlacer","cnk","fingerprint-exact"
"F_2858_w","ParticleRenderType","net.minecraft.client.particle.ParticleRenderType","dyk","fingerprint-exact"
"F_2938_k","V1451_7","net.minecraft.util.datafix.schemas.V1451_7","amd","fingerprint-exact"
"f_2952_l","EnderEyesLayer","net.minecraft.client.renderer.entity.layers.EnderEyesLayer","eie","fingerprint-exact"
"f_2985_u","BeardedStructureStart","net.minecraft.world.level.levelgen.structure.BeardedStructureStart","cqz","fingerprint-exact"
"F_3076_b","PufferfishSmallModel","net.minecraft.client.model.PufferfishSmallModel","dvh","fingerprint-exact"
"f_3142_p","FontTexture","net.minecraft.client.gui.font.FontTexture","dmx","fingerprint-exact"
"f_3201_M","CustomRecipe","net.minecraft.world.item.crafting.CustomRecipe","boj","fingerprint-exact"
"f_3214_G","DataSlot","net.minecraft.world.inventory.DataSlot","biq","fingerprint-exact"
"F_3331_Z","BlockGetter","net.minecraft.world.level.BlockGetter","brc","fingerprint-exact"
"f_3379_h","RenamedCoralFix","net.minecraft.util.datafix.fixes.RenamedCoralFix","akr","fingerprint-exact"
"f_3523_o","NonOverlappingMerger","net.minecraft.world.phys.shapes.NonOverlappingMerger","ddc","fingerprint-exact"
"f_3535_P","GlowstoneDecorator","net.minecraft.world.level.levelgen.placement.nether.GlowstoneDecorator","cqv","fingerprint-exact"
"F_3621_D","ServerLoginPacketListener","net.minecraft.network.protocol.login.ServerLoginPacketListener","ue","fingerprint-exact"
"f_3701_D","ContainerEventHandler","net.minecraft.client.gui.components.events.ContainerEventHandler","dmh","fingerprint-exact"
"F_376_H","BedBlockEntityInjecter","net.minecraft.util.datafix.fixes.BedBlockEntityInjecter","agi","fingerprint-exact"
"f_3764_O","StandingAndWallBlockItem","net.minecraft.world.item.StandingAndWallBlockItem","bnd","fingerprint-exact"
"f_3808_v","EmptyPoolElement","net.minecraft.world.level.levelgen.feature.structures.EmptyPoolElement","cob","fingerprint-exact"
"f_4022_I","Overlay","net.minecraft.client.gui.screens.Overlay","don","fingerprint-exact"
"f_4089_Y","LanguageManager","net.minecraft.client.resources.language.LanguageManager","ekz","fingerprint-exact"
"f_4170_u","Behavior","net.minecraft.world.entity.ai.behavior.Behavior","arv","fingerprint-exact"
"f_4289_R","StatsCounter","net.minecraft.stats.StatsCounter","aeb","fingerprint-exact"
"F_4306_m","NopeSurfaceBuilder","net.minecraft.world.level.levelgen.surfacebuilders.NopeSurfaceBuilder","ctq","fingerprint-exact"
"f_4396_K","ContainerObjectSelectionList","net.minecraft.client.gui.components.ContainerObjectSelectionList","dlo","fingerprint-exact"
"f_4415_Q","ClientLoginPacketListener","net.minecraft.network.protocol.login.ClientLoginPacketListener","ty","fingerprint-exact"
"f_4429_d","PlayerHeadBlock","net.minecraft.world.level.block.PlayerHeadBlock","byt","fingerprint-exact"
"F_444_B","FoxRenderer","net.minecraft.client.renderer.entity.FoxRenderer","efb","fingerprint-exact"
"F_4524_u","CoralClawFeature","net.minecraft.world.level.levelgen.feature.CoralClawFeature","cix","fingerprint-exact"
"F_4629_q","EndermiteRenderer","net.minecraft.client.renderer.entity.EndermiteRenderer","ees","fingerprint-exact"
"F_4697_W","TippedArrowRecipe","net.minecraft.world.item.crafting.TippedArrowRecipe","bpg","fingerprint-exact"
"f_4840_J","AdvancementList","net.minecraft.advancements.AdvancementList","z","fingerprint-exact"
"F_4843_L","DataPackCommand","net.minecraft.server.commands.DataPackCommand","wn","fingerprint-exact"
"F_4907_p","GuiEventListener","net.minecraft.client.gui.components.events.GuiEventListener","dmi","fingerprint-exact"
"f_491_q","V1022","net.minecraft.util.datafix.schemas.V1022","alq","fingerprint-exact"
"F_4931_Q","StriderModel","net.minecraft.client.model.StriderModel","dvy","fingerprint-exact"
"f_4953_Q","WitherRoseBlock","net.minecraft.world.level.block.WitherRoseBlock","cbu","fingerprint-exact"
"F_661_m","StructureFeature","net.minecraft.world.level.levelgen.feature.StructureFeature","cla","fingerprint-exact"
"F_692_Z","EntityHealthFix","net.minecraft.util.datafix.fixes.EntityHealthFix","ahs","fingerprint-exact"
"f_726_y","ChanceDecoratorConfiguration","net.minecraft.world.level.levelgen.placement.ChanceDecoratorConfiguration","cpn","fingerprint-exact"
"F_778_O","ArrayVoxelShape","net.minecraft.world.phys.shapes.ArrayVoxelShape","dcp","fingerprint-exact"
"f_931_p","IceSpikeFeature","net.minecraft.world.level.levelgen.feature.IceSpikeFeature","cju","fingerprint-exact"
"F_935_B","FoliageColor","net.minecraft.world.level.FoliageColor","brr","fingerprint-exact"
"G_1033_V","MapIdFix","net.minecraft.util.datafix.fixes.MapIdFix","ajr","fingerprint-exact"
"G_1038_T","WoodlandMansionPieces","net.minecraft.world.level.levelgen.structure.WoodlandMansionPieces","cry","fingerprint-exact"
"G_1198_D","ServerboundResourcePackPacket","net.minecraft.network.protocol.game.ServerboundResourcePackPacket","tf","fingerprint-exact"
"G_127_H","DispenseItemBehavior","net.minecraft.core.dispenser.DispenseItemBehavior","gw","fingerprint-exact"
"G_1300_K","SerializationContext","net.minecraft.advancements.critereon.SerializationContext","ci","fingerprint-exact"
"g_1403_p","WitchRenderer","net.minecraft.client.renderer.entity.WitchRenderer","ehk","fingerprint-exact"
"g_1404_V","TerrainParticle","net.minecraft.client.particle.TerrainParticle","dza","fingerprint-exact"
"G_15_h","RangedAttribute","net.minecraft.world.entity.ai.attributes.RangedAttribute","arn","fingerprint-exact"
"G_1534_b","DeadBushBlock","net.minecraft.world.level.block.DeadBushBlock","bvw","fingerprint-exact"
"g_1541_C","VillagerMetadataSectionSerializer","net.minecraft.client.resources.metadata.animation.VillagerMetadataSectionSerializer","elf","fingerprint-exact"
"g_1635_T","GameTestDebugRenderer","net.minecraft.client.renderer.debug.GameTestDebugRenderer","edi","fingerprint-exact"
"g_1689_f","SweetBerryBushBlock","net.minecraft.world.level.block.SweetBerryBushBlock","cau","fingerprint-exact"
"G_1698_L","ItemTransforms","net.minecraft.client.renderer.block.model.ItemTransforms","ebm","fingerprint-exact"
"G_180_L","FollowFlockLeaderGoal","net.minecraft.world.entity.ai.goal.FollowFlockLeaderGoal","avr","fingerprint-exact"
"g_1813_f","BambooSaplingBlock","net.minecraft.world.level.block.BambooSaplingBlock","btv","fingerprint-exact"
"g_1826_M","WaterAnimal","net.minecraft.world.entity.animal.WaterAnimal","bay","fingerprint-exact"
"G_1904_b","BitSetDiscreteVoxelShape","net.minecraft.world.phys.shapes.BitSetDiscreteVoxelShape","dcq","fingerprint-exact"
"g_2265_h","RecipeBookSettings","net.minecraft.stats.RecipeBookSettings","adu","fingerprint-exact"
"G_2290_g","LevelStem","net.minecraft.world.level.dimension.LevelStem","che","fingerprint-exact"
"g_2296_D","CowRenderer","net.minecraft.client.renderer.entity.CowRenderer","eej","fingerprint-exact"
"g_2491_u","MobType","net.minecraft.world.entity.MobType","aqq","fingerprint-exact"
"g_2495_F","ClientboundCustomPayloadPacket","net.minecraft.network.protocol.game.ClientboundCustomPayloadPacket","pk","fingerprint-exact"
"G_2592_x","CraftingScreen","net.minecraft.client.gui.screens.inventory.CraftingScreen","dqa","fingerprint-exact"
"G_2740_S","SetLookAndInteract","net.minecraft.world.entity.ai.behavior.SetLookAndInteract","atn","fingerprint-exact"
"g_2810_l","MagmaBlock","net.minecraft.world.level.block.MagmaBlock","bye","fingerprint-exact"
"g_2824_R","V106","net.minecraft.util.datafix.schemas.V106","alr","fingerprint-exact"
"g_2865_V","BrigadierArgumentSerializers","net.minecraft.commands.synchronization.brigadier.BrigadierArgumentSerializers","fn","fingerprint-exact"
"g_2867_a","VisGraph","net.minecraft.client.renderer.chunk.VisGraph","ecw","fingerprint-exact"
"g_292_k","SequentialEntry","net.minecraft.world.level.storage.loot.entries.SequentialEntry","czu","fingerprint-exact"
"G_3011_L","TurtleModel","net.minecraft.client.model.TurtleModel","dwc","fingerprint-exact"
"G_3029_m","TreeDecoratorType","net.minecraft.world.level.levelgen.feature.treedecorators.TreeDecoratorType","cos","fingerprint-exact"
"g_3136_j","StartAttacking","net.minecraft.world.entity.ai.behavior.StartAttacking","atw","fingerprint-exact"
"G_319_t","FormattedText","net.minecraft.network.chat.FormattedText","nu","fingerprint-exact"
"G_3269_e","RealmsPersistence","com.mojang.realmsclient.util.RealmsPersistence","diq","fingerprint-exact"
"g_3270_y","DataPackConfig","net.minecraft.world.level.DataPackConfig","brk","fingerprint-exact"
"G_330_O","BreathAirGoal","net.minecraft.world.entity.ai.goal.BreathAirGoal","avh","fingerprint-exact"
"G_3416_z","BlockHitResult","net.minecraft.world.phys.BlockHitResult","dcj","fingerprint-exact"
"G_353_c","LockCode","net.minecraft.world.LockCode","aow","fingerprint-exact"
"g_3649_j","RandomBlockStateMatchTest","net.minecraft.world.level.levelgen.structure.templatesystem.RandomBlockStateMatchTest","css","fingerprint-exact"
"G_3768_s","ServerGamePacketListener","net.minecraft.network.protocol.game.ServerGamePacketListener","sa","fingerprint-exact"
"G_3843_E","StringTag","net.minecraft.nbt.StringTag","ms","fingerprint-exact"
"g_3865_c","BubbleColumnBlock","net.minecraft.world.level.block.BubbleColumnBlock","bus","fingerprint-exact"
"G_3895_I","HoeItem","net.minecraft.world.item.HoeItem","blu","fingerprint-exact"
"g_3914_p","RotatedBlockProvider","net.minecraft.world.level.levelgen.feature.stateproviders.RotatedBlockProvider","cnx","fingerprint-exact"
"g_3959_K","KickCommand","net.minecraft.server.commands.KickCommand","xg","fingerprint-exact"
"g_3964_H","DesertPyramidPiece","net.minecraft.world.level.levelgen.structure.DesertPyramidPiece","crc","fingerprint-exact"
"g_4145_K","WeightedBakedModel","net.minecraft.client.resources.model.WeightedBakedModel","elz","fingerprint-exact"
"G_423_F","RedstoneTorchBlock","net.minecraft.world.level.block.RedstoneTorchBlock","bzf","fingerprint-exact"
"G_4421_t","ChunkStorage","net.minecraft.world.level.chunk.storage.ChunkStorage","cgu","fingerprint-exact"
"G_4492_H","ConfirmLinkScreen","net.minecraft.client.gui.screens.ConfirmLinkScreen","dnr","fingerprint-exact"
"G_4495_R","GoOutsideToCelebrate","net.minecraft.world.entity.ai.behavior.GoOutsideToCelebrate","ash","fingerprint-exact"
"g_4527_D","BookModel","net.minecraft.client.model.BookModel","dto","fingerprint-exact"
"g_4579_l","StateSwitchingButton","net.minecraft.client.gui.components.StateSwitchingButton","dma","fingerprint-exact"
"G_4592_w","LongArrayTag","net.minecraft.nbt.LongArrayTag","mk","fingerprint-exact"
"G_4597_w","TutorialToast","net.minecraft.client.gui.components.toasts.TutorialToast","dms","fingerprint-exact"
"G_4715_a","LavaParticle","net.minecraft.client.particle.LavaParticle","dyc","fingerprint-exact"
"g_4727_e","ElytraItem","net.minecraft.world.item.ElytraItem","bld","fingerprint-exact"
"g_4862_H","ComponentArgument","net.minecraft.commands.arguments.ComponentArgument","dg","fingerprint-exact"
"g_4874_Z","Nameable","net.minecraft.world.Nameable","aoy","fingerprint-exact"
"g_4879_F","Cursor3D","net.minecraft.core.Cursor3D","ga","fingerprint-exact"
"g_49_C","RealmsScreen","net.minecraft.realms.RealmsScreen","eoo","fingerprint-exact"
"G_4948_k","NoteBlock","net.minecraft.world.level.block.NoteBlock","byo","fingerprint-exact"
"G_495_h","JigsawReplacementProcessor","net.minecraft.world.level.levelgen.structure.templatesystem.JigsawReplacementProcessor","csj","fingerprint-exact"
"g_562_z","PosRuleTestType","net.minecraft.world.level.levelgen.structure.templatesystem.PosRuleTestType","csp","fingerprint-exact"
"g_657_F","ClientboundLevelParticlesPacket","net.minecraft.network.protocol.game.ClientboundLevelParticlesPacket","pv","fingerprint-exact"
"g_71_e","ResultField","net.minecraft.util.profiling.ResultField","any","fingerprint-exact"
"g_737_E","EndIslandFeature","net.minecraft.world.level.levelgen.feature.EndIslandFeature","cjj","fingerprint-exact"
"G_772_i","IronGolemRenderer","net.minecraft.client.renderer.entity.IronGolemRenderer","efl","fingerprint-exact"
"g_805_K","ClientboundExplodePacket","net.minecraft.network.protocol.game.ClientboundExplodePacket","po","fingerprint-exact"
"G_841_m","RenderLayer","net.minecraft.client.renderer.entity.layers.RenderLayer","eit","fingerprint-exact"
"h_1016_S","Feature","net.minecraft.world.level.levelgen.feature.Feature","cjl","fingerprint-exact"
"h_1127_X","Fireball","net.minecraft.world.entity.projectile.Fireball","bgg","fingerprint-exact"
"H_1201_x","FlatDataLayer","net.minecraft.world.level.lighting.FlatDataLayer","cuk","fingerprint-exact"
"H_139_n","featureReplaceBlockFeature","net.minecraft.world.level.levelgen.feature.ReplaceBlockFeature","cko","fingerprint-exact"
"H_1419_X","EmptyArgumentSerializer","net.minecraft.commands.synchronization.EmptyArgumentSerializer","fl","fingerprint-exact"
"H_1419_Y","EmptyLootItem","net.minecraft.world.level.storage.loot.entries.EmptyLootItem","czl","fingerprint-exact"
"h_1436_e","PlayerCloudParticle","net.minecraft.client.particle.PlayerCloudParticle","dyl","fingerprint-exact"
"H_1451_a","PotentialCalculator","net.minecraft.world.level.PotentialCalculator","bsj","fingerprint-exact"
"H_1506_W","WorldCoordinate","net.minecraft.commands.arguments.coordinates.WorldCoordinate","es","fingerprint-exact"
"h_1559_C","RangedAttackMob","net.minecraft.world.entity.monster.RangedAttackMob","bdu","fingerprint-exact"
"H_1660_M","ChestedHorseRenderer","net.minecraft.client.renderer.entity.ChestedHorseRenderer","eeg","fingerprint-exact"
"h_1703_M","AlwaysTrueTest","net.minecraft.world.level.levelgen.structure.templatesystem.AlwaysTrueTest","csa","fingerprint-exact"
"H_1736_q","TheEndGatewayRenderer","net.minecraft.client.renderer.blockentity.TheEndGatewayRenderer","ecr","fingerprint-exact"
"H_1822_O","BlockElementFace","net.minecraft.client.renderer.block.model.BlockElementFace","ebc","fingerprint-exact"
"H_1879_Q","RandomFeatureConfiguration","net.minecraft.world.level.levelgen.feature.configurations.RandomFeatureConfiguration","cmm","fingerprint-exact"
"H_1916_D","NamespacedSchema","net.minecraft.util.datafix.schemas.NamespacedSchema","aln","fingerprint-exact"
"h_2023_q","SoundEventRegistration","net.minecraft.client.resources.sounds.SoundEventRegistration","emr","fingerprint-exact"
"H_2034_c","ClipContext","net.minecraft.world.level.ClipContext","brf","fingerprint-exact"
"h_2076_J","Salmon","net.minecraft.world.entity.animal.Salmon","bar","fingerprint-exact"
"H_2097_E","BaseEntityBlock","net.minecraft.world.level.block.BaseEntityBlock","bud","fingerprint-exact"
"H_2105_V","BiomeManager","net.minecraft.world.level.biome.BiomeManager","bsx","fingerprint-exact"
"h_2140_D","BlockStateProvider","net.minecraft.world.level.levelgen.feature.stateproviders.BlockStateProvider","cnt","fingerprint-exact"
"h_2277_j","BossEvent","net.minecraft.world.BossEvent","aok","fingerprint-exact"
"H_2443_J","SkullModel","net.minecraft.client.model.SkullModel","dvt","fingerprint-exact"
"H_2454_L","NoiseDependantDecoratorConfiguration","net.minecraft.world.level.levelgen.feature.configurations.NoiseDependantDecoratorConfiguration","cmf","fingerprint-exact"
"h_2556_Q","BlockStateProviderType","net.minecraft.world.level.levelgen.feature.stateproviders.BlockStateProviderType","cnu","fingerprint-exact"
"H_2583_u","CollisionBoxRenderer","net.minecraft.client.renderer.debug.CollisionBoxRenderer","edg","fingerprint-exact"
"H_2598_q","RabbitModel","net.minecraft.client.model.RabbitModel","dvj","fingerprint-exact"
"H_2671_n","MutableComponent","net.minecraft.network.chat.MutableComponent","nx","fingerprint-exact"
"h_2699_L","WritableLevelData","net.minecraft.world.level.storage.WritableLevelData","cyo","fingerprint-exact"
"h_2795_v","DirectionProperty","net.minecraft.world.level.block.state.properties.DirectionProperty","cfb","fingerprint-exact"
"H_2819_K","NopePlacementDecorator","net.minecraft.world.level.levelgen.placement.NopePlacementDecorator","cqm","fingerprint-exact"
"H_2861_T","MineshaftConfiguration","net.minecraft.world.level.levelgen.feature.configurations.MineshaftConfiguration","cme","fingerprint-exact"
"H_3036_k","Attributes","net.minecraft.world.entity.ai.attributes.Attributes","arl","fingerprint-exact"
"h_3089_y","SmeltItemFunction","net.minecraft.world.level.storage.loot.functions.SmeltItemFunction","daw","fingerprint-exact"
"h_3243_w","SuffixArray","net.minecraft.client.searchtree.SuffixArray","end","fingerprint-exact"
"H_3244_h","MultiShotEnchantment","net.minecraft.world.item.enchantment.MultiShotEnchantment","bqd","fingerprint-exact"
"h_3267_A","CommandBlock","net.minecraft.world.level.block.CommandBlock","bvi","fingerprint-exact"
"H_3285_V","EmptyTickList","net.minecraft.world.level.EmptyTickList","brm","fingerprint-exact"
"h_3344_A","EmptyLevelChunk","net.minecraft.world.level.chunk.EmptyLevelChunk","cgc","fingerprint-exact"
"H_3385_K","InfestedBlock","net.minecraft.world.level.block.InfestedBlock","bxp","fingerprint-exact"
"h_3427_Q","DrownedRenderer","net.minecraft.client.renderer.entity.DrownedRenderer","een","fingerprint-exact"
"h_3461_h","RenamedCoralFansFix","net.minecraft.util.datafix.fixes.RenamedCoralFansFix","akq","fingerprint-exact"
"h_3472_W","TeleportToTeamMenuCategory","net.minecraft.client.gui.spectator.categories.TeleportToTeamMenuCategory","dsw","fingerprint-exact"
"H_3527_a","OreBlock","net.minecraft.world.level.block.OreBlock","byr","fingerprint-exact"
"H_3594_B","PoolElementStructurePiece","net.minecraft.world.level.levelgen.structure.PoolElementStructurePiece","cro","fingerprint-exact"
"H_3609_O","LakeLavaPlacementDecorator","net.minecraft.world.level.levelgen.placement.LakeLavaPlacementDecorator","cqi","fingerprint-exact"
"H_3680_B","HoglinRenderer","net.minecraft.client.renderer.entity.HoglinRenderer","eff","fingerprint-exact"
"H_3699_F","RealmsLongRunningMcoTaskScreen","com.mojang.realmsclient.gui.screens.RealmsLongRunningMcoTaskScreen","dhz","fingerprint-exact"
"H_3699_T","Arrow","net.minecraft.world.entity.projectile.Arrow","bgc","fingerprint-exact"
"H_3752_s","V1451_4","net.minecraft.util.datafix.schemas.V1451_4","ama","fingerprint-exact"
"H_379_J","BonemealableBlock","net.minecraft.world.level.block.BonemealableBlock","buq","fingerprint-exact"
"H_3920_Z","AnimationFrame","net.minecraft.client.resources.metadata.animation.AnimationFrame","elb","fingerprint-exact"
"h_3934_S","InteractWith","net.minecraft.world.entity.ai.behavior.InteractWith","aso","fingerprint-exact"
"H_3952_W","Pools","net.minecraft.data.worldgen.Pools","kk","fingerprint-exact"
"h_3997_e","V1928","net.minecraft.util.datafix.schemas.V1928","amr","fingerprint-exact"
"h_4239_o","IronGolemModel","net.minecraft.client.model.IronGolemModel","duo","fingerprint-exact"
"H_4255_L","ThrownExperienceBottle","net.minecraft.world.entity.projectile.ThrownExperienceBottle","bgw","fingerprint-exact"
"h_430_R","UnderwaterCaveWorldCarver","net.minecraft.world.level.levelgen.carver.UnderwaterCaveWorldCarver","cif","fingerprint-exact"
"H_4329_s","ClientboundChangeDifficultyPacket","net.minecraft.network.protocol.game.ClientboundChangeDifficultyPacket","pa","fingerprint-exact"
"H_4333_v","BiomeFix","net.minecraft.util.datafix.fixes.BiomeFix","agl","fingerprint-exact"
"H_4381_u","EntityDataAccessor","net.minecraft.server.commands.data.EntityDataAccessor","zb","fingerprint-exact"
"h_4390_U","BuiltInModel","net.minecraft.client.resources.model.BuiltInModel","elq","fingerprint-exact"
"h_4510_p","PoiTypeRename","net.minecraft.util.datafix.fixes.PoiTypeRename","aki","fingerprint-exact"
"H_4570_T","BlazeModel","net.minecraft.client.model.BlazeModel","dtm","fingerprint-exact"
"h_4599_n","RemoveGolemGossipFix","net.minecraft.util.datafix.fixes.RemoveGolemGossipFix","ako","fingerprint-exact"
"h_4688_s","SimpleAnimatedParticle","net.minecraft.client.particle.SimpleAnimatedParticle","dyp","fingerprint-exact"
"h_472_b","Vec2Argument","net.minecraft.commands.arguments.coordinates.Vec2Argument","eq","fingerprint-exact"
"h_4811_f","Ops","com.mojang.realmsclient.dto.Ops","dgj","fingerprint-exact"
"h_516_W","SmithingMenu","net.minecraft.world.inventory.SmithingMenu","bjs","fingerprint-exact"
"h_549_E","ClientboundAwardStatsPacket","net.minecraft.network.protocol.game.ClientboundAwardStatsPacket","ot","fingerprint-exact"
"h_554_a","AmbientAdditionsSettings","net.minecraft.world.level.biome.AmbientAdditionsSettings","bss","fingerprint-exact"
"h_616_i","PistonMath","net.minecraft.world.level.block.piston.PistonMath","cec","fingerprint-exact"
"h_721_N","ObjectiveArgument","net.minecraft.commands.arguments.ObjectiveArgument","dt","fingerprint-exact"
"H_855_K","ChorusFlowerBlock","net.minecraft.world.level.block.ChorusFlowerBlock","bvf","fingerprint-exact"
"H_906_L","ReputationEventType","net.minecraft.world.entity.ai.village.ReputationEventType","azl","fingerprint-exact"
"h_958_c","RecipeType","net.minecraft.world.item.crafting.RecipeType","bot","fingerprint-exact"
"i_1018_V","MinecartHopper","net.minecraft.world.entity.vehicle.MinecartHopper","bht","fingerprint-exact"
"I_1065_I","CipherEncoder","net.minecraft.network.CipherEncoder","na","fingerprint-exact"
"I_1168_w","DolphinModel","net.minecraft.client.model.DolphinModel","dtx","fingerprint-exact"
"I_1222_Q","V2505","net.minecraft.util.datafix.schemas.V2505","amx","fingerprint-exact"
"i_135_j","VillagerModel","net.minecraft.client.model.VillagerModel","dwf","fingerprint-exact"
"i_141_y","ReactToBell","net.minecraft.world.entity.ai.behavior.ReactToBell","atd","fingerprint-exact"
"I_1529_k","ServerOpList","net.minecraft.server.players.ServerOpList","acv","fingerprint-exact"
"I_1554_i","SimpleContainerData","net.minecraft.world.inventory.SimpleContainerData","bjq","fingerprint-exact"
"i_1610_l","RealmsSettingsScreen","com.mojang.realmsclient.gui.screens.RealmsSettingsScreen","dij","fingerprint-exact"
"I_1779_f","AbstractButton","net.minecraft.client.gui.components.AbstractButton","dld","fingerprint-exact"
"I_1827_m","MusicManager","net.minecraft.client.sounds.MusicManager","enp","fingerprint-exact"
"I_1870_V","StructureRenderer","net.minecraft.client.renderer.debug.StructureRenderer","edq","fingerprint-exact"
"i_1956_I","CarvingMaskDecoratorConfiguration","net.minecraft.world.level.levelgen.placement.CarvingMaskDecoratorConfiguration","cpl","fingerprint-exact"
"I_1957_p","CraftingContainer","net.minecraft.world.inventory.CraftingContainer","bio","fingerprint-exact"
"I_2347_e","BlockAgeProcessor","net.minecraft.world.level.levelgen.structure.templatesystem.BlockAgeProcessor","csd","fingerprint-exact"
"I_2410_e","IndexMerger","net.minecraft.world.phys.shapes.IndexMerger","dcz","fingerprint-exact"
"I_250_Q","LootItemFunctions","net.minecraft.world.level.storage.loot.functions.LootItemFunctions","dal","fingerprint-exact"
"i_2505_m","VinesFeature","net.minecraft.world.level.levelgen.feature.VinesFeature","clg","fingerprint-exact"
"i_2513_e","PerlinNoise","net.minecraft.world.level.levelgen.synth.PerlinNoise","cub","fingerprint-exact"
"i_2576_u","ClientboundSetPlayerTeamPacket","net.minecraft.network.protocol.game.ClientboundSetPlayerTeamPacket","ri","fingerprint-exact"
"i_2583_b","RconThread","net.minecraft.server.rcon.thread.RconThread","adl","fingerprint-exact"
"i_2593_S","OpenDoorGoal","net.minecraft.world.entity.ai.goal.OpenDoorGoal","awo","fingerprint-exact"
"i_2651_T","GrassBlock","net.minecraft.world.level.block.GrassBlock","bxb","fingerprint-exact"
"i_2713_W","ComposableEntryContainer","net.minecraft.world.level.storage.loot.entries.ComposableEntryContainer","czi","fingerprint-exact"
"I_2856_s","DirectJoinServerScreen","net.minecraft.client.gui.screens.DirectJoinServerScreen","dnz","fingerprint-exact"
"i_29_P","MapExtendingRecipe","net.minecraft.world.item.crafting.MapExtendingRecipe","bop","fingerprint-exact"
"i_2957_X","Activity","net.minecraft.world.entity.schedule.Activity","bhf","fingerprint-exact"
"I_2976_p","LookControl","net.minecraft.world.entity.ai.control.LookControl","ava","fingerprint-exact"
"i_3000_J","Recipe","net.minecraft.world.item.crafting.Recipe","boq","fingerprint-exact"
"i_3213_D","BlockEntityBannerColorFix","net.minecraft.util.datafix.fixes.BlockEntityBannerColorFix","agn","fingerprint-exact"
"I_3308_l","EndCrystalRenderer","net.minecraft.client.renderer.entity.EndCrystalRenderer","eep","fingerprint-exact"
"I_3335_R","TurtleNodeEvaluator","net.minecraft.world.level.pathfinder.TurtleNodeEvaluator","cxi","fingerprint-exact"
"i_3437_l","BlockDestructionProgress","net.minecraft.server.level.BlockDestructionProgress","zq","fingerprint-exact"
"i_351_y","StoringChunkProgressListener","net.minecraft.server.level.progress.StoringChunkProgressListener","aat","fingerprint-exact"
"i_3542_L","ClientboundAddExperienceOrbPacket","net.minecraft.network.protocol.game.ClientboundAddExperienceOrbPacket","oo","fingerprint-exact"
"i_3560_P","ConcretePowderBlock","net.minecraft.world.level.block.ConcretePowderBlock","bvl","fingerprint-exact"
"I_3616_x","PublishCommand","net.minecraft.server.commands.PublishCommand","xs","fingerprint-exact"
"i_3645_q","LockIconButton","net.minecraft.client.gui.components.LockIconButton","dlt","fingerprint-exact"
"i_3648_a","ConfiguredDecorator","net.minecraft.world.level.levelgen.placement.ConfiguredDecorator","cpo","fingerprint-exact"
"i_3649_w","ServerScoreboard","net.minecraft.server.ServerScoreboard","wa","fingerprint-exact"
"i_3664_s","KnowledgeBookItem","net.minecraft.world.item.KnowledgeBookItem","bme","fingerprint-exact"
"I_367_G","VillagerHeadModel","net.minecraft.client.model.VillagerHeadModel","dwe","fingerprint-exact"
"I_3710_B","HitResult","net.minecraft.world.phys.HitResult","dcl","fingerprint-exact"
"i_3717_X","SpawnerBlockEntity","net.minecraft.world.level.block.entity.SpawnerBlockEntity","cdi","fingerprint-exact"
"I_3835_n","LeashFenceKnotEntity","net.minecraft.world.entity.decoration.LeashFenceKnotEntity","bcq","fingerprint-exact"
"I_3875_v","TridentItem","net.minecraft.world.item.TridentItem","bnm","fingerprint-exact"
"i_4210_T","PineFoliagePlacer","net.minecraft.world.level.levelgen.feature.foliageplacers.PineFoliagePlacer","cnp","fingerprint-exact"
"I_4224_E","SerializableUUID","net.minecraft.core.SerializableUUID","gq","fingerprint-exact"
"i_4226_x","BedBlockEntity","net.minecraft.world.level.block.entity.BedBlockEntity","ccf","fingerprint-exact"
"i_423_d","ZombifiedPiglin","net.minecraft.world.entity.monster.ZombifiedPiglin","bel","fingerprint-exact"
"I_4302_a","BedItemColorFix","net.minecraft.util.datafix.fixes.BedItemColorFix","agj","fingerprint-exact"
"I_4319_d","ClientIntentionPacket","net.minecraft.network.protocol.handshake.ClientIntentionPacket","tv","fingerprint-exact"
"i_4373_o","WitherSkeletonRenderer","net.minecraft.client.renderer.entity.WitherSkeletonRenderer","ehm","fingerprint-exact"
"I_4405_W","SmokerBlockEntity","net.minecraft.world.level.block.entity.SmokerBlockEntity","cdh","fingerprint-exact"
"i_4455_s","PlayerMap","net.minecraft.server.level.PlayerMap","aaa","fingerprint-exact"
"I_4564_I","Carvers","net.minecraft.data.worldgen.Carvers","kf","fingerprint-exact"
"I_4605_v","V2522","net.minecraft.util.datafix.schemas.V2522","ana","fingerprint-exact"
"i_462_E","StrollAroundPoi","net.minecraft.world.entity.ai.behavior.StrollAroundPoi","aua","fingerprint-exact"
"I_4646_W","ChickenRenderer","net.minecraft.client.renderer.entity.ChickenRenderer","eeh","fingerprint-exact"
"I_4650_L","EndPodiumFeature","net.minecraft.world.level.levelgen.feature.EndPodiumFeature","cjk","fingerprint-exact"
"I_4891_P","Fluids","net.minecraft.world.level.material.Fluids","cuy","fingerprint-exact"
"I_646_K","OcelotAttackGoal","net.minecraft.world.entity.ai.goal.OcelotAttackGoal","awm","fingerprint-exact"
"i_783_N","GlazedTerracottaBlock","net.minecraft.world.level.block.GlazedTerracottaBlock","bxa","fingerprint-exact"
"i_786_O","Schedule","net.minecraft.world.entity.schedule.Schedule","bhh","fingerprint-exact"
"i_793_K","MerchantOffers","net.minecraft.world.item.trading.MerchantOffers","bqw","fingerprint-exact"
"I_871_N","MissingDimensionFix","net.minecraft.util.datafix.fixes.MissingDimensionFix","ajt","fingerprint-exact"
"I_878_O","ServerboundTeleportToEntityPacket","net.minecraft.network.protocol.game.ServerboundTeleportToEntityPacket","tr","fingerprint-exact"
"J_1051_f","SharedConstants","net.minecraft.SharedConstants","w","fingerprint-exact"
"j_1253_e","RecipesRenameFix","net.minecraft.util.datafix.fixes.RecipesRenameFix","akk","fingerprint-exact"
"j_127_l","FloatArgumentSerializer","net.minecraft.commands.synchronization.brigadier.FloatArgumentSerializer","fp","fingerprint-exact"
"j_1275_e","StopCommand","net.minecraft.server.commands.StopCommand","yk","fingerprint-exact"
"J_139_K","RedstoneLampBlock","net.minecraft.world.level.block.RedstoneLampBlock","bze","fingerprint-exact"
"J_1513_q","ClientboundHelloPacket","net.minecraft.network.protocol.login.ClientboundHelloPacket","ub","fingerprint-exact"
"J_1529_b","AttackDamageMobEffect","net.minecraft.world.effect.AttackDamageMobEffect","app","fingerprint-exact"
"J_1602_n","RegistryWriteOps","net.minecraft.resources.RegistryWriteOps","vi","fingerprint-exact"
"j_1604_R","RandomIntGenerator","net.minecraft.world.level.storage.loot.RandomIntGenerator","czb","fingerprint-exact"
"j_1675_n","ProgressListener","net.minecraft.util.ProgressListener","afn","fingerprint-exact"
"J_1753_X","LootPoolEntry","net.minecraft.world.level.storage.loot.entries.LootPoolEntry","czp","fingerprint-exact"
"j_1817_S","TicketType","net.minecraft.server.level.TicketType","aal","fingerprint-exact"
"j_1835_m","OptionsRenameFieldFix","net.minecraft.util.datafix.fixes.OptionsRenameFieldFix","akg","fingerprint-exact"
"J_1919_w","ServerboundSetJigsawBlockPacket","net.minecraft.network.protocol.game.ServerboundSetJigsawBlockPacket","tn","fingerprint-exact"
"J_1929_z","CodRenderer","net.minecraft.client.renderer.entity.CodRenderer","eei","fingerprint-exact"
"J_2015_d","SpellParticle","net.minecraft.client.particle.SpellParticle","dyt","fingerprint-exact"
"j_2058_H","EntityDataSerializers","net.minecraft.network.syncher.EntityDataSerializers","uu","fingerprint-exact"
"j_2263_Y","StructurePoolElementType","net.minecraft.world.level.levelgen.feature.structures.StructurePoolElementType","coj","fingerprint-exact"
"j_2356_X","GameMasterBlockItem","net.minecraft.world.item.GameMasterBlockItem","bls","fingerprint-exact"
"J_2388_F","ItemStackMapIdFix","net.minecraft.util.datafix.fixes.ItemStackMapIdFix","ajf","fingerprint-exact"
"j_2453_C","ModelManager","net.minecraft.client.resources.model.ModelManager","elt","fingerprint-exact"
"j_2460_Z","RavagerModel","net.minecraft.client.model.RavagerModel","dvk","fingerprint-exact"
"J_2501_o","MegaJungleTrunkPlacer","net.minecraft.world.level.levelgen.feature.trunkplacers.MegaJungleTrunkPlacer","coz","fingerprint-exact"
"J_2554_q","V107","net.minecraft.util.datafix.schemas.V107","als","fingerprint-exact"
"j_2666_X","CactusBlock","net.minecraft.world.level.block.CactusBlock","buw","fingerprint-exact"
"J_2751_l","ClientboundLoginPacket","net.minecraft.network.protocol.game.ClientboundLoginPacket","px","fingerprint-exact"
"j_2776_U","StartHuntingHoglin","net.minecraft.world.entity.monster.piglin.StartHuntingHoglin","bez","fingerprint-exact"
"J_2885_t","SimplexNoise","net.minecraft.world.level.levelgen.synth.SimplexNoise","cud","fingerprint-exact"
"J_2930_G","ResourceManagerReloadListener","net.minecraft.server.packs.resources.ResourceManagerReloadListener","aci","fingerprint-exact"
"J_2964_I","CountDecorator","net.minecraft.world.level.levelgen.placement.CountDecorator","cpp","fingerprint-exact"
"j_298_V","MinecartCommandBlockEditScreen","net.minecraft.client.gui.screens.inventory.MinecartCommandBlockEditScreen","dqs","fingerprint-exact"
"J_3016_y","PerlinSimplexNoise","net.minecraft.world.level.levelgen.synth.PerlinSimplexNoise","cuc","fingerprint-exact"
"j_3266_d","DefaultFlowerFeature","net.minecraft.world.level.levelgen.feature.DefaultFlowerFeature","cjc","fingerprint-exact"
"J_3330_k","Clearable","net.minecraft.world.Clearable","aol","fingerprint-exact"
"J_3334_z","BushBlock","net.minecraft.world.level.block.BushBlock","buu","fingerprint-exact"
"J_3473_i","WalkTarget","net.minecraft.world.entity.ai.memory.WalkTarget","ayf","fingerprint-exact"
"J_3475_e","TextColor","net.minecraft.network.chat.TextColor","od","fingerprint-exact"
"J_3508_t","CreeperRenderer","net.minecraft.client.renderer.entity.CreeperRenderer","eek","fingerprint-exact"
"j_3558_W","WorldGenAttemptRenderer","net.minecraft.client.renderer.debug.WorldGenAttemptRenderer","edt","fingerprint-exact"
"J_3586_A","BiomeColors","net.minecraft.client.renderer.BiomeColors","dzr","fingerprint-exact"
"J_3621_B","RandomSwimmingGoal","net.minecraft.world.entity.ai.goal.RandomSwimmingGoal","awu","fingerprint-exact"
"j_3760_p","GameTestTicker","net.minecraft.gametest.framework.GameTestTicker","ll","fingerprint-exact"
"j_3877_r","RuinedPortalConfiguration","net.minecraft.world.level.levelgen.feature.configurations.RuinedPortalConfiguration","cmr","fingerprint-exact"
"J_3904_V","Squid","net.minecraft.world.entity.animal.Squid","bav","fingerprint-exact"
"j_391_q","ChunkProgressListener","net.minecraft.server.level.progress.ChunkProgressListener","aap","fingerprint-exact"
"j_3959_P","Monster","net.minecraft.world.entity.monster.Monster","bdq","fingerprint-exact"
"j_4028_i","BiomeSpecialEffects","net.minecraft.world.level.biome.BiomeSpecialEffects","bsz","fingerprint-exact"
"J_4099_L","CritParticle","net.minecraft.client.particle.CritParticle","dxn","fingerprint-exact"
"J_4209_l","VillagerTradeFix","net.minecraft.util.datafix.fixes.VillagerTradeFix","alg","fingerprint-exact"
"J_4216_p","ClientboundGameEventPacket","net.minecraft.network.protocol.game.ClientboundGameEventPacket","pq","fingerprint-exact"
"j_4241_A","MinecartFurnace","net.minecraft.world.entity.vehicle.MinecartFurnace","bhs","fingerprint-exact"
"j_4348_U","WallClimberNavigation","net.minecraft.world.entity.ai.navigation.WallClimberNavigation","ayk","fingerprint-exact"
"J_4420_B","ItemTransform","net.minecraft.client.renderer.block.model.ItemTransform","ebl","fingerprint-exact"
"j_4420_O","UpdateActivityFromSchedule","net.minecraft.world.entity.ai.behavior.UpdateActivityFromSchedule","auf","fingerprint-exact"
"j_4680_H","ServerboundPlayerActionPacket","net.minecraft.network.protocol.game.ServerboundPlayerActionPacket","sz","fingerprint-exact"
"J_4684_J","DimensionSpecialEffects","net.minecraft.client.renderer.DimensionSpecialEffects","dzv","fingerprint-exact"
"J_4724_S","SimpleBlockConfiguration","net.minecraft.world.level.levelgen.feature.configurations.SimpleBlockConfiguration","cmt","fingerprint-exact"
"j_4728_A","HealthBoostMobEffect","net.minecraft.world.effect.HealthBoostMobEffect","apq","fingerprint-exact"
"J_4907_x","RateKickingConnection","net.minecraft.network.RateKickingConnection","nj","fingerprint-exact"
"j_4909_R","BedRenderer","net.minecraft.client.renderer.blockentity.BedRenderer","ecb","fingerprint-exact"
"J_4909_U","RecipesRenameningFix","net.minecraft.util.datafix.fixes.RecipesRenameningFix","akl","fingerprint-exact"
"j_495_I","EntityPaintingItemFrameDirectionFix","net.minecraft.util.datafix.fixes.EntityPaintingItemFrameDirectionFix","ahy","fingerprint-exact"
"j_505_T","EndermanRenderer","net.minecraft.client.renderer.entity.EndermanRenderer","eer","fingerprint-exact"
"J_588_u","MobEffects","net.minecraft.world.effect.MobEffects","apw","fingerprint-exact"
"J_607_P","SetWalkTargetFromAttackTargetIfTargetOutOfReach","net.minecraft.world.entity.ai.behavior.SetWalkTargetFromAttackTargetIfTargetOutOfReach","atq","fingerprint-exact"
"J_632_g","ClientboundAddEntityPacket","net.minecraft.network.protocol.game.ClientboundAddEntityPacket","on","fingerprint-exact"
"j_695_k","C0Transformer","net.minecraft.world.level.newbiome.layer.traits.C0Transformer","cwp","fingerprint-exact"
"J_777_V","WallTorchBlock","net.minecraft.world.level.block.WallTorchBlock","cbn","fingerprint-exact"
"J_792_O","PardonCommand","net.minecraft.server.commands.PardonCommand","xo","fingerprint-exact"
"j_800_J","ContainerHelper","net.minecraft.world.ContainerHelper","aoo","fingerprint-exact"
"J_836_b","BlockPileFeature","net.minecraft.world.level.levelgen.feature.BlockPileFeature","ciq","fingerprint-exact"
"j_837_v","IllagerRenderer","net.minecraft.client.renderer.entity.IllagerRenderer","efj","fingerprint-exact"
"J_888_z","V143","net.minecraft.util.datafix.schemas.V143","alv","fingerprint-exact"
"j_944_R","V2568","net.minecraft.util.datafix.schemas.V2568","anc","fingerprint-exact"
"K_1138_h","FeatureSizeType","net.minecraft.world.level.levelgen.feature.featuresize.FeatureSizeType","cnc","fingerprint-exact"
"k_1311_D","StructurePoolElement","net.minecraft.world.level.levelgen.feature.structures.StructurePoolElement","coi","fingerprint-exact"
"k_135_a","MelonBlock","net.minecraft.world.level.block.MelonBlock","byf","fingerprint-exact"
"K_1351_c","StoredUserEntry","net.minecraft.server.players.StoredUserEntry","acx","fingerprint-exact"
"K_1482_y","Sensing","net.minecraft.world.entity.ai.sensing.Sensing","aza","fingerprint-exact"
"K_1497_b","ItemUtils","net.minecraft.world.item.ItemUtils","bmc","fingerprint-exact"
"K_1614_n","ObjectSelectionList","net.minecraft.client.gui.components.ObjectSelectionList","dlv","fingerprint-exact"
"K_1637_T","SalmonModel","net.minecraft.client.model.SalmonModel","dvl","fingerprint-exact"
"K_1723_b","Snowball","net.minecraft.world.entity.projectile.Snowball","bgq","fingerprint-exact"
"k_1794_x","SnowGolemModel","net.minecraft.client.model.SnowGolemModel","dvv","fingerprint-exact"
"k_1836_E","ClientboundChatPacket","net.minecraft.network.protocol.game.ClientboundChatPacket","pb","fingerprint-exact"
"K_1864_x","IdenticalMerger","net.minecraft.world.phys.shapes.IdenticalMerger","dcy","fingerprint-exact"
"K_1910_G","AbstractZombieModel","net.minecraft.client.model.AbstractZombieModel","dte","fingerprint-exact"
"k_1916_Z","IntegratedPlayerList","net.minecraft.client.server.IntegratedPlayerList","enf","fingerprint-exact"
"K_2002_U","CompressionEncoder","net.minecraft.network.CompressionEncoder","nc","fingerprint-exact"
"k_2014_G","VillagerTrades","net.minecraft.world.entity.npc.VillagerTrades","bfn","fingerprint-exact"
"k_2018_G","AbstractSchoolingFish","net.minecraft.world.entity.animal.AbstractSchoolingFish","azy","fingerprint-exact"
"K_2034_Y","PlayerModel","net.minecraft.client.model.PlayerModel","dvd","fingerprint-exact"
"K_2054_g","SwitchMinigameTask","com.mojang.realmsclient.util.task.SwitchMinigameTask","dje","fingerprint-exact"
"K_2062_O","HeightmapRenamingFix","net.minecraft.util.datafix.fixes.HeightmapRenamingFix","aiu","fingerprint-exact"
"k_2101_j","Timeline","net.minecraft.world.entity.schedule.Timeline","bhj","fingerprint-exact"
"K_2104_d","VillagerData","net.minecraft.world.entity.npc.VillagerData","bfk","fingerprint-exact"
"k_2140_p","ConfiguredStructureFeature","net.minecraft.world.level.levelgen.feature.ConfiguredStructureFeature","ciw","fingerprint-exact"
"k_2232_m","EndRodParticle","net.minecraft.client.particle.EndRodParticle","dxs","fingerprint-exact"
"K_2439_d","ServerboundSeenAdvancementsPacket","net.minecraft.network.protocol.game.ServerboundSeenAdvancementsPacket","tg","fingerprint-exact"
"k_2464_N","SuspendedTownParticle","net.minecraft.client.particle.SuspendedTownParticle","dyz","fingerprint-exact"
"k_2474_O","ResourceLocationArgument","net.minecraft.commands.arguments.ResourceLocationArgument","dy","fingerprint-exact"
"K_257_L","SwitchSlotTask","com.mojang.realmsclient.util.task.SwitchSlotTask","djf","fingerprint-exact"
"k_277_M","HeightMapRenderer","net.minecraft.client.renderer.debug.HeightMapRenderer","edk","fingerprint-exact"
"K_2806_Q","SmeltingRecipeBookComponent","net.minecraft.client.gui.screens.recipebook.SmeltingRecipeBookComponent","drw","fingerprint-exact"
"K_285_p","CoralFanBlock","net.minecraft.world.level.block.CoralFanBlock","bvo","fingerprint-exact"
"k_290_v","monsterSkeleton","net.minecraft.world.entity.monster.Skeleton","bdy","fingerprint-exact"
"K_2911_x","NetherrackBlock","net.minecraft.world.level.block.NetherrackBlock","byn","fingerprint-exact"
"K_3244_h","GoToWantedItem","net.minecraft.world.entity.ai.behavior.GoToWantedItem","asl","fingerprint-exact"
"k_3329_l","handshakeServerHandshakePacketListener","net.minecraft.network.protocol.handshake.ServerHandshakePacketListener","tw","fingerprint-exact"
"K_3404_s","CountWithExtraChanceDecorator","net.minecraft.world.level.levelgen.placement.CountWithExtraChanceDecorator","cpr","fingerprint-exact"
"K_3507_w","StructureBlockRenderer","net.minecraft.client.renderer.blockentity.StructureBlockRenderer","ecq","fingerprint-exact"
"k_3518_j","ResettingWorldTask","com.mojang.realmsclient.util.task.ResettingWorldTask","djc","fingerprint-exact"
"K_356_I","ChestedHorseModel","net.minecraft.client.model.ChestedHorseModel","dtq","fingerprint-exact"
"K_3679_g","ClientboundCustomSoundPacket","net.minecraft.network.protocol.game.ClientboundCustomSoundPacket","pl","fingerprint-exact"
"K_3681_o","HorizontalDirectionalBlock","net.minecraft.world.level.block.HorizontalDirectionalBlock","bxm","fingerprint-exact"
"k_3741_g","OakTreeGrower","net.minecraft.world.level.block.grower.OakTreeGrower","cdv","fingerprint-exact"
"k_378_x","V1801","net.minecraft.util.datafix.schemas.V1801","amm","fingerprint-exact"
"K_3811_J","BlockPlacerType","net.minecraft.world.level.levelgen.feature.blockplacers.BlockPlacerType","clm","fingerprint-exact"
"K_392_p","TrunkPlacerType","net.minecraft.world.level.levelgen.feature.trunkplacers.TrunkPlacerType","cpc","fingerprint-exact"
"K_4088_P","AreaTransformer2","net.minecraft.world.level.newbiome.layer.traits.AreaTransformer2","cwn","fingerprint-exact"
"k_4146_C","WanderingTraderRenderer","net.minecraft.client.renderer.entity.WanderingTraderRenderer","ehj","fingerprint-exact"
"k_4219_G","TurtleRenderer","net.minecraft.client.renderer.entity.TurtleRenderer","ehe","fingerprint-exact"
"k_4260_M","AbstractChestBlock","net.minecraft.world.level.block.AbstractChestBlock","btn","fingerprint-exact"
"K_4307_d","DataAccessor","net.minecraft.server.commands.data.DataAccessor","yz","fingerprint-exact"
"k_4308_M","ProfilerPathEntry","net.minecraft.util.profiling.ProfilerPathEntry","anx","fingerprint-exact"
"k_4435_h","ByteArrayTag","net.minecraft.nbt.ByteArrayTag","ma","fingerprint-exact"
"K_4609_Z","ServerRecipeBook","net.minecraft.stats.ServerRecipeBook","adv","fingerprint-exact"
"k_4648_d","TrackingEmitter","net.minecraft.client.particle.TrackingEmitter","dzd","fingerprint-exact"
"K_4692_U","ServerStatus","net.minecraft.network.protocol.status.ServerStatus","un","fingerprint-exact"
"K_4722_k","ServerboundSetStructureBlockPacket","net.minecraft.network.protocol.game.ServerboundSetStructureBlockPacket","to","fingerprint-exact"
"K_4728_o","PlayerMenuItem","net.minecraft.client.gui.spectator.PlayerMenuItem","dso","fingerprint-exact"
"k_4788_E","StonecutterScreen","net.minecraft.client.gui.screens.inventory.StonecutterScreen","dqy","fingerprint-exact"
"K_4805_m","AbstractCookingRecipe","net.minecraft.world.item.crafting.AbstractCookingRecipe","boc","fingerprint-exact"
"k_4920_G","FrameTimer","net.minecraft.util.FrameTimer","afc","fingerprint-exact"
"K_564_c","SmokerBlock","net.minecraft.world.level.block.SmokerBlock","bzz","fingerprint-exact"
"K_568_o","RaidDebugRenderer","net.minecraft.client.renderer.debug.RaidDebugRenderer","edo","fingerprint-exact"
"k_596_X","DelegatingOps","net.minecraft.resources.DelegatingOps","vd","fingerprint-exact"
"K_598_m","BiomeInitLayer","net.minecraft.world.level.newbiome.layer.BiomeInitLayer","cvt","fingerprint-exact"
"k_630_w","NearestHealableRaiderTargetGoal","net.minecraft.world.entity.ai.goal.target.NearestHealableRaiderTargetGoal","axs","fingerprint-exact"
"K_641_O","DiscreteVoxelShape","net.minecraft.world.phys.shapes.DiscreteVoxelShape","dcw","fingerprint-exact"
"K_768_L","RealmsParentalConsentScreen","com.mojang.realmsclient.gui.screens.RealmsParentalConsentScreen","dib","fingerprint-exact"
"k_769_O","RavagerRenderer","net.minecraft.client.renderer.entity.RavagerRenderer","egj","fingerprint-exact"
"k_790_Q","AirItem","net.minecraft.world.item.AirItem","bjx","fingerprint-exact"
"K_810_W","WaterDebugRenderer","net.minecraft.client.renderer.debug.WaterDebugRenderer","eds","fingerprint-exact"
"k_88_A","NearestBedSensor","net.minecraft.world.entity.ai.sensing.NearestBedSensor","ayt","fingerprint-exact"
"l_1058_B","CollectionTag","net.minecraft.nbt.CollectionTag","mc","fingerprint-exact"
"L_1089_f","ParrotRenderer","net.minecraft.client.renderer.entity.ParrotRenderer","egb","fingerprint-exact"
"L_1138_t","RegionPingResult","com.mojang.realmsclient.dto.RegionPingResult","dgz","fingerprint-exact"
"l_1226_M","TextureMetadataSection","net.minecraft.client.resources.metadata.texture.TextureMetadataSection","ell","fingerprint-exact"
"l_1377_U","MeleeAttack","net.minecraft.world.entity.ai.behavior.MeleeAttack","asv","fingerprint-exact"
"l_1446_h","ServerPlaceSmeltingRecipe","net.minecraft.recipebook.ServerPlaceSmeltingRecipe","vb","fingerprint-exact"
"L_1486_h","LeashKnotRenderer","net.minecraft.client.renderer.entity.LeashKnotRenderer","efp","fingerprint-exact"
"L_1543_w","V1470","net.minecraft.util.datafix.schemas.V1470","amg","fingerprint-exact"
"l_1614_k","LocateHidingPlaceDuringRaid","net.minecraft.world.entity.ai.behavior.LocateHidingPlaceDuringRaid","ass","fingerprint-exact"
"L_1673_t","DecorationContext","net.minecraft.world.level.levelgen.placement.DecorationContext","cpv","fingerprint-exact"
"l_1708_m","MobAppearanceParticle","net.minecraft.client.particle.MobAppearanceParticle","dyd","fingerprint-exact"
"L_1776_r","SnowGolemRenderer","net.minecraft.client.renderer.entity.SnowGolemRenderer","egs","fingerprint-exact"
"L_1851_S","SpectatorMenuItem","net.minecraft.client.gui.spectator.SpectatorMenuItem","dss","fingerprint-exact"
"L_1859_H","CycleOption","net.minecraft.client.CycleOption","djp","fingerprint-exact"
"L_1859_T","PanicGoal","net.minecraft.world.entity.ai.goal.PanicGoal","awp","fingerprint-exact"
"l_1915_o","JigsawBlock","net.minecraft.world.level.block.JigsawBlock","bxr","fingerprint-exact"
"l_201_w","BreakingItemParticle","net.minecraft.client.particle.BreakingItemParticle","dxi","fingerprint-exact"
"l_2184_Y","ChorusFruitItem","net.minecraft.world.item.ChorusFruitItem","bkp","fingerprint-exact"
"L_2292_q","BlockPattern","net.minecraft.world.level.block.state.pattern.BlockPattern","cem","fingerprint-exact"
"L_2338_C","SlimeModel","net.minecraft.client.model.SlimeModel","dvu","fingerprint-exact"
"L_2539_O","SoulParticle","net.minecraft.client.particle.SoulParticle","dys","fingerprint-exact"
"l_2556_x","StopBeingAngryIfTargetDead","net.minecraft.world.entity.ai.behavior.StopBeingAngryIfTargetDead","atz","fingerprint-exact"
"L_2566_C","AlterGroundDecorator","net.minecraft.world.level.levelgen.feature.treedecorators.AlterGroundDecorator","com","fingerprint-exact"
"L_27_D","EntityMinecartIdentifiersFix","net.minecraft.util.datafix.fixes.EntityMinecartIdentifiersFix","ahx","fingerprint-exact"
"L_2871_u","PlayerInfo","com.mojang.realmsclient.dto.PlayerInfo","dgn","fingerprint-exact"
"L_2953_B","Target","net.minecraft.world.level.pathfinder.Target","cxh","fingerprint-exact"
"l_2959_T","EndRodBlock","net.minecraft.world.level.block.EndRodBlock","bwk","fingerprint-exact"
"L_2981_K","OminousBannerBlockEntityRenameFix","net.minecraft.util.datafix.fixes.OminousBannerBlockEntityRenameFix","ajz","fingerprint-exact"
"L_311_n","LoggedPrintStream","net.minecraft.server.LoggedPrintStream","vs","fingerprint-exact"
"l_3166_B","PlaceRecipe","net.minecraft.recipebook.PlaceRecipe","uz","fingerprint-exact"
"L_3185_i","TippableArrowRenderer","net.minecraft.client.renderer.entity.TippableArrowRenderer","eha","fingerprint-exact"
"l_3243_c","HarvestFarmland","net.minecraft.world.entity.ai.behavior.HarvestFarmland","asm","fingerprint-exact"
"L_3246_P","TreeFeature","net.minecraft.world.level.levelgen.feature.TreeFeature","cld","fingerprint-exact"
"l_3282_V","BlockPosArgument","net.minecraft.commands.arguments.coordinates.BlockPosArgument","ek","fingerprint-exact"
"l_3328_U","ServerboundLockDifficultyPacket","net.minecraft.network.protocol.game.ServerboundLockDifficultyPacket","ss","fingerprint-exact"
"l_3409_O","WitherSkullBlock","net.minecraft.world.level.block.WitherSkullBlock","cbv","fingerprint-exact"
"l_3410_T","BackUpIfTooClose","net.minecraft.world.entity.ai.behavior.BackUpIfTooClose","art","fingerprint-exact"
"L_3424_i","Decoratable","net.minecraft.world.level.levelgen.Decoratable","chk","fingerprint-exact"
"l_3469_W","NodeEvaluator","net.minecraft.world.level.pathfinder.NodeEvaluator","cxc","fingerprint-exact"
"L_3482_D","TheEndPortalBlockEntity","net.minecraft.world.level.block.entity.TheEndPortalBlockEntity","cdl","fingerprint-exact"
"l_3580_k","ShoulderRidingEntity","net.minecraft.world.entity.animal.ShoulderRidingEntity","bat","fingerprint-exact"
"l_36_a","RabbitRenderer","net.minecraft.client.renderer.entity.RabbitRenderer","egi","fingerprint-exact"
"l_3699_E","V1451_6","net.minecraft.util.datafix.schemas.V1451_6","amc","fingerprint-exact"
"L_3764_q","BlockColor","net.minecraft.client.color.block.BlockColor","dkn","fingerprint-exact"
"L_3832_q","FurnaceScreen","net.minecraft.client.gui.screens.inventory.FurnaceScreen","dqh","fingerprint-exact"
"L_3835_G","YieldJobSite","net.minecraft.world.entity.ai.behavior.YieldJobSite","aus","fingerprint-exact"
"l_3865_l","ContainerData","net.minecraft.world.inventory.ContainerData","bil","fingerprint-exact"
"L_3869_U","BlockTintCache","net.minecraft.client.color.block.BlockTintCache","dkp","fingerprint-exact"
"l_3924_F","StopAdmiringIfItemTooFarAway","net.minecraft.world.entity.monster.piglin.StopAdmiringIfItemTooFarAway","bfa","fingerprint-exact"
"L_3940_i","HugeMushroomFeatureConfiguration","net.minecraft.world.level.levelgen.feature.configurations.HugeMushroomFeatureConfiguration","cmb","fingerprint-exact"
"L_4029_C","GoToClosestVillage","net.minecraft.world.entity.ai.behavior.GoToClosestVillage","asj","fingerprint-exact"
"l_42_k","ClientboundRecipePacket","net.minecraft.network.protocol.game.ClientboundRecipePacket","ql","fingerprint-exact"
"L_4514_m","LookAtTargetSink","net.minecraft.world.entity.ai.behavior.LookAtTargetSink","asu","fingerprint-exact"
"L_4563_W","OptionsForceVBOFix","net.minecraft.util.datafix.fixes.OptionsForceVBOFix","akc","fingerprint-exact"
"L_4817_T","NameTagItem","net.minecraft.world.item.NameTagItem","bmk","fingerprint-exact"
"l_497_D","ThrownItemRenderer","net.minecraft.client.renderer.entity.ThrownItemRenderer","egy","fingerprint-exact"
"l_591_O","ScheduleBuilder","net.minecraft.world.entity.schedule.ScheduleBuilder","bhi","fingerprint-exact"
"l_625_o","OpenInventoryTutorialStep","net.minecraft.client.tutorial.OpenInventoryTutorialStep","eoc","fingerprint-exact"
"L_630_w","ServerFunctionManager","net.minecraft.server.ServerFunctionManager","vx","fingerprint-exact"
"L_651_P","SuspiciousStewItem","net.minecraft.world.item.SuspiciousStewItem","bne","fingerprint-exact"
"l_699_O","EnchantedBookItem","net.minecraft.world.item.EnchantedBookItem","blf","fingerprint-exact"
"l_814_W","ParticleProvider","net.minecraft.client.particle.ParticleProvider","dyj","fingerprint-exact"
"L_878_R","RangeArgument","net.minecraft.commands.arguments.RangeArgument","dx","fingerprint-exact"
"l_90_q","VillagerPanicTrigger","net.minecraft.world.entity.ai.behavior.VillagerPanicTrigger","aun","fingerprint-exact"
"M_1029_C","MenuType","net.minecraft.world.inventory.MenuType","bje","fingerprint-exact"
"m_1042_X","WeightedConfiguredFeature","net.minecraft.world.level.levelgen.feature.WeightedConfiguredFeature","clj","fingerprint-exact"
"M_1151_n","AmbientCreature","net.minecraft.world.entity.ambient.AmbientCreature","azt","fingerprint-exact"
"M_119_A","PlayerSocialManager","net.minecraft.client.gui.screens.social.PlayerSocialManager","dsa","fingerprint-exact"
"M_121_x","ColumnPlacer","net.minecraft.world.level.levelgen.feature.blockplacers.ColumnPlacer","cln","fingerprint-exact"
"m_1213_z","BanListCommands","net.minecraft.server.commands.BanListCommands","wi","fingerprint-exact"
"m_1242_I","ItemOverride","net.minecraft.client.renderer.block.model.ItemOverride","ebj","fingerprint-exact"
"m_1410_v","GameTestListener","net.minecraft.gametest.framework.GameTestListener","lg","fingerprint-exact"
"m_1411_m","CubeVoxelShape","net.minecraft.world.phys.shapes.CubeVoxelShape","dcu","fingerprint-exact"
"M_1549_s","FrostedIceBlock","net.minecraft.world.level.block.FrostedIceBlock","bww","fingerprint-exact"
"m_1551_B","DyeableLeatherItem","net.minecraft.world.item.DyeableLeatherItem","blb","fingerprint-exact"
"M_1620_p","CelebrateVillagersSurvivedRaid","net.minecraft.world.entity.ai.behavior.CelebrateVillagersSurvivedRaid","ary","fingerprint-exact"
"M_1678_M","LoggerChunkProgressListener","net.minecraft.server.level.progress.LoggerChunkProgressListener","aar","fingerprint-exact"
"m_1679_b","AirBlock","net.minecraft.world.level.block.AirBlock","btr","fingerprint-exact"
"m_1687_C","MessageArgument","net.minecraft.commands.arguments.MessageArgument","dp","fingerprint-exact"
"m_1739_O","TraderLlama","net.minecraft.world.entity.animal.horse.TraderLlama","bbj","fingerprint-exact"
"M_1780_q","ListModel","net.minecraft.client.model.ListModel","dur","fingerprint-exact"
"M_1812_J","ConnectTask","com.mojang.realmsclient.util.task.ConnectTask","dix","fingerprint-exact"
"M_1839_j","BiomeZoomer","net.minecraft.world.level.biome.BiomeZoomer","bta","fingerprint-exact"
"M_1908_H","BoundingBox","net.minecraft.world.level.levelgen.structure.BoundingBox","cra","fingerprint-exact"
"M_1921_m","ClientboundTeleportEntityPacket","net.minecraft.network.protocol.game.ClientboundTeleportEntityPacket","rs","fingerprint-exact"
"M_1947_q","AbstractFurnaceBlock","net.minecraft.world.level.block.AbstractFurnaceBlock","bto","fingerprint-exact"
"M_2028_c","SetClosestHomeAsWalkTarget","net.minecraft.world.entity.ai.behavior.SetClosestHomeAsWalkTarget","atk","fingerprint-exact"
"M_2133_B","WitherSkullRenderer","net.minecraft.client.renderer.entity.WitherSkullRenderer","ehn","fingerprint-exact"
"M_2204_z","TimerCallback","net.minecraft.world.level.timers.TimerCallback","dcd","fingerprint-exact"
"m_2206_m","LoomBlock","net.minecraft.world.level.block.LoomBlock","byd","fingerprint-exact"
"m_241_e","SurfaceNoise","net.minecraft.world.level.levelgen.synth.SurfaceNoise","cue","fingerprint-exact"
"m_2538_N","EmptyFluid","net.minecraft.world.level.material.EmptyFluid","cuu","fingerprint-exact"
"M_2546_f","V1904","net.minecraft.util.datafix.schemas.V1904","amn","fingerprint-exact"
"m_263_I","FoliagePlacer","net.minecraft.world.level.levelgen.feature.foliageplacers.FoliagePlacer","cnl","fingerprint-exact"
"m_2691_P","PackMetadataSectionSerializer","net.minecraft.server.packs.metadata.pack.PackMetadataSectionSerializer","abp","fingerprint-exact"
"m_2750_c","WorldData","net.minecraft.world.level.storage.WorldData","cyn","fingerprint-exact"
"M_2866_v","LlamaRenderer","net.minecraft.client.renderer.entity.LlamaRenderer","efs","fingerprint-exact"
"m_2905_N","CompassItem","net.minecraft.world.item.CompassItem","bkq","fingerprint-exact"
"M_3064_e","LocalCoordinates","net.minecraft.commands.arguments.coordinates.LocalCoordinates","en","fingerprint-exact"
"m_3074_N","ProtectionEnchantment","net.minecraft.world.item.enchantment.ProtectionEnchantment","bqf","fingerprint-exact"
"m_3094_i","MegaJungleFoliagePlacer","net.minecraft.world.level.levelgen.feature.foliageplacers.MegaJungleFoliagePlacer","cnn","fingerprint-exact"
"M_3144_a","V808","net.minecraft.util.datafix.schemas.V808","ank","fingerprint-exact"
"m_3225_J","PanoramaRenderer","net.minecraft.client.renderer.PanoramaRenderer","eai","fingerprint-exact"
"M_3274_V","Attribute","net.minecraft.world.entity.ai.attributes.Attribute","arg","fingerprint-exact"
"M_3307_Q","ComparatorBlock","net.minecraft.world.level.block.ComparatorBlock","bvj","fingerprint-exact"
"M_3313_a","NoRenderParticle","net.minecraft.client.particle.NoRenderParticle","dye","fingerprint-exact"
"m_3315_s","HuskRenderer","net.minecraft.client.renderer.entity.HuskRenderer","efi","fingerprint-exact"
"m_3429_A","Condition","net.minecraft.client.renderer.block.model.multipart.Condition","ebq","fingerprint-exact"
"M_3464_y","ReplaceBlobsFeature","net.minecraft.world.level.levelgen.feature.ReplaceBlobsFeature","ckn","fingerprint-exact"
"M_351_X","VexModel","net.minecraft.client.model.VexModel","dwd","fingerprint-exact"
"M_3672_A","DolphinRenderer","net.minecraft.client.renderer.entity.DolphinRenderer","eel","fingerprint-exact"
"m_3677_S","EndermiteModel","net.minecraft.client.model.EndermiteModel","dub","fingerprint-exact"
"m_4093_W","ClientboundSetEntityMotionPacket","net.minecraft.network.protocol.game.ClientboundSetEntityMotionPacket","rc","fingerprint-exact"
"M_4128_P","Container","net.minecraft.world.Container","aon","fingerprint-exact"
"M_4201_o","ClientboundRespawnPacket","net.minecraft.network.protocol.game.ClientboundRespawnPacket","qp","fingerprint-exact"
"M_4202_M","AbstractProjectileDispenseBehavior","net.minecraft.core.dispenser.AbstractProjectileDispenseBehavior","gt","fingerprint-exact"
"m_4248_Y","FrequencyWithExtraChanceDecoratorConfiguration","net.minecraft.world.level.levelgen.placement.FrequencyWithExtraChanceDecoratorConfiguration","cqd","fingerprint-exact"
"M_4410_Z","StonecutterRecipe","net.minecraft.world.item.crafting.StonecutterRecipe","bpe","fingerprint-exact"
"M_4413_S","Tuple","net.minecraft.util.Tuple","afv","fingerprint-exact"
"M_4422_D","LegacyQueryHandler","net.minecraft.server.network.LegacyQueryHandler","aav","fingerprint-exact"
"M_4486_Q","DamageSourcePredicate","net.minecraft.advancements.critereon.DamageSourcePredicate","aw","fingerprint-exact"
"m_4502_K","MobEffectArgument","net.minecraft.commands.arguments.MobEffectArgument","dq","fingerprint-exact"
"m_4793_Z","SoulSandBlock","net.minecraft.world.level.block.SoulSandBlock","cad","fingerprint-exact"
"m_4827_j","BlockModelDefinition","net.minecraft.client.renderer.block.model.BlockModelDefinition","ebg","fingerprint-exact"
"M_4864_I","BarrierBlock","net.minecraft.world.level.block.BarrierBlock","bty","fingerprint-exact"
"m_4877_K","ShulkerBoxRenderer","net.minecraft.client.renderer.blockentity.ShulkerBoxRenderer","ecm","fingerprint-exact"
"m_497_e","ClientboundBlockEntityDataPacket","net.minecraft.network.protocol.game.ClientboundBlockEntityDataPacket","ow","fingerprint-exact"
"M_4980_o","FlintAndSteelItem","net.minecraft.world.item.FlintAndSteelItem","blq","fingerprint-exact"
"m_567_p","Cod","net.minecraft.world.entity.animal.Cod","bad","fingerprint-exact"
"m_582_v","ShieldModel","net.minecraft.client.model.ShieldModel","dvo","fingerprint-exact"
"M_597_J","SurfaceBuilderBaseConfiguration","net.minecraft.world.level.levelgen.surfacebuilders.SurfaceBuilderBaseConfiguration","ctu","fingerprint-exact"
"m_60_c","TeamDisplayNameFix","net.minecraft.util.datafix.fixes.TeamDisplayNameFix","alb","fingerprint-exact"
"m_786_J","ArmorMaterial","net.minecraft.world.item.ArmorMaterial","bjz","fingerprint-exact"
"m_844_C","SimplePreparableReloadListener","net.minecraft.server.packs.resources.SimplePreparableReloadListener","ack","fingerprint-exact"
"m_897_G","PathfinderMob","net.minecraft.world.entity.PathfinderMob","aqu","fingerprint-exact"
"m_906_o","BeeFlyingSoundInstance","net.minecraft.client.resources.sounds.BeeFlyingSoundInstance","emg","fingerprint-exact"
"m_917_X","SimpleParticleType","net.minecraft.core.particles.SimpleParticleType","hi","fingerprint-exact"
"m_970_Z","NbtTagArgument","net.minecraft.commands.arguments.NbtTagArgument","ds","fingerprint-exact"
"n_1004_B","WritableRegistry","net.minecraft.core.WritableRegistry","gs","fingerprint-exact"
"n_1020_g","ReloadCommand","net.minecraft.server.commands.ReloadCommand","xv","fingerprint-exact"
"N_1021_F","Animal","net.minecraft.world.entity.animal.Animal","azz","fingerprint-exact"
"N_1077_V","Saddleable","net.minecraft.world.entity.Saddleable","ara","fingerprint-exact"
"N_11_x","AtlasSet","net.minecraft.client.renderer.texture.AtlasSet","ejr","fingerprint-exact"
"N_1104_T","GrassColorReloadListener","net.minecraft.client.resources.GrassColorReloadListener","ekm","fingerprint-exact"
"n_1108_X","ArgumentSerializer","net.minecraft.commands.synchronization.ArgumentSerializer","fj","fingerprint-exact"
"n_117_M","SpawnerBlock","net.minecraft.world.level.block.SpawnerBlock","caf","fingerprint-exact"
"N_1380_x","AssignProfessionFromJobSite","net.minecraft.world.entity.ai.behavior.AssignProfessionFromJobSite","arr","fingerprint-exact"
"N_1403_r","BeehivePoiRenameFix","net.minecraft.util.datafix.fixes.BeehivePoiRenameFix","agk","fingerprint-exact"
"N_1426_T","BaseHeightmapDecorator","net.minecraft.world.level.levelgen.placement.BaseHeightmapDecorator","cpi","fingerprint-exact"
"N_143_N","CrossbowAttack","net.minecraft.world.entity.ai.behavior.CrossbowAttack","asa","fingerprint-exact"
"N_1485_b","HeightmapDoubleDecorator","net.minecraft.world.level.levelgen.placement.HeightmapDoubleDecorator","cqg","fingerprint-exact"
"n_1554_V","ChanceDecorator","net.minecraft.world.level.levelgen.placement.ChanceDecorator","cpm","fingerprint-exact"
"N_1556_I","ClientboundCommandSuggestionsPacket","net.minecraft.network.protocol.game.ClientboundCommandSuggestionsPacket","pc","fingerprint-exact"
"N_1709_M","ItemTags","net.minecraft.tags.ItemTags","aeg","fingerprint-exact"
"n_1738_z","SetBlockCommand","net.minecraft.server.commands.SetBlockCommand","ye","fingerprint-exact"
"N_1864_Z","NormalNoise","net.minecraft.world.level.levelgen.synth.NormalNoise","cua","fingerprint-exact"
"n_1865_J","ServerBossEvent","net.minecraft.server.level.ServerBossEvent","aad","fingerprint-exact"
"N_2017_n","References","net.minecraft.util.datafix.fixes.References","akn","fingerprint-exact"
"n_2110_z","PillagerRenderer","net.minecraft.client.renderer.entity.PillagerRenderer","egf","fingerprint-exact"
"n_2150_Y","ClientboundPlayerCombatPacket","net.minecraft.network.protocol.game.ClientboundPlayerCombatPacket","qh","fingerprint-exact"
"n_2163_W","TagType","net.minecraft.nbt.TagType","mv","fingerprint-exact"
"N_218_x","ClientboundLightUpdatePacket","net.minecraft.network.protocol.game.ClientboundLightUpdatePacket","pw","fingerprint-exact"
"n_2235_q","TextureMetadataSectionSerializer","net.minecraft.client.resources.metadata.texture.TextureMetadataSectionSerializer","elm","fingerprint-exact"
"n_2392_w","DolphinLookControl","net.minecraft.world.entity.ai.control.DolphinLookControl","auw","fingerprint-exact"
"n_2404_O","OpCommand","net.minecraft.server.commands.OpCommand","xn","fingerprint-exact"
"n_2470_q","FaceAttachedHorizontalDirectionalBlock","net.minecraft.world.level.block.FaceAttachedHorizontalDirectionalBlock","bwn","fingerprint-exact"
"n_2513_D","DirectionalBlock","net.minecraft.world.level.block.DirectionalBlock","bvz","fingerprint-exact"
"N_266_c","PreparableReloadListener","net.minecraft.server.packs.resources.PreparableReloadListener","acc","fingerprint-exact"
"n_2747_d","BonusChestFeature","net.minecraft.world.level.levelgen.feature.BonusChestFeature","cis","fingerprint-exact"
"n_2751_U","Transformation","com.mojang.math.Transformation","f","fingerprint-exact"
"n_2897_N","EntityArmorStandSilentFix","net.minecraft.util.datafix.fixes.EntityArmorStandSilentFix","ahl","fingerprint-exact"
"n_2977_f","JsonUtils","com.mojang.realmsclient.util.JsonUtils","dip","fingerprint-exact"
"N_298_o","ThreeLayersFeatureSize","net.minecraft.world.level.levelgen.feature.featuresize.ThreeLayersFeatureSize","cnd","fingerprint-exact"
"N_3103_O","SystemToast","net.minecraft.client.gui.components.toasts.SystemToast","dmp","fingerprint-exact"
"n_3127_K","SpawnerRenderer","net.minecraft.client.renderer.blockentity.SpawnerRenderer","ecp","fingerprint-exact"
"N_3134_L","MinecartRenderer","net.minecraft.client.renderer.entity.MinecartRenderer","efv","fingerprint-exact"
"n_3150_l","DefaultUncaughtExceptionHandlerWithName","net.minecraft.DefaultUncaughtExceptionHandlerWithName","p","fingerprint-exact"
"N_3213_f","GiantMobRenderer","net.minecraft.client.renderer.entity.GiantMobRenderer","efd","fingerprint-exact"
"n_325_e","AnimationUtils","net.minecraft.client.model.AnimationUtils","dtg","fingerprint-exact"
"n_3278_k","DragonLandingApproachPhase","net.minecraft.world.entity.boss.enderdragon.phases.DragonLandingApproachPhase","bbz","fingerprint-exact"
"n_349_k","ClientboundRemoveEntitiesPacket","net.minecraft.network.protocol.game.ClientboundRemoveEntitiesPacket","qm","fingerprint-exact"
"n_350_K","V1929","net.minecraft.util.datafix.schemas.V1929","ams","fingerprint-exact"
"n_3522_x","FollowBoatGoal","net.minecraft.world.entity.ai.goal.FollowBoatGoal","avq","fingerprint-exact"
"n_3525_U","BiomeSource","net.minecraft.world.level.biome.BiomeSource","bsy","fingerprint-exact"
"N_3546_u","GiantTrunkPlacer","net.minecraft.world.level.levelgen.feature.trunkplacers.GiantTrunkPlacer","coy","fingerprint-exact"
"n_3608_a","ServerAdvancementManager","net.minecraft.server.ServerAdvancementManager","vv","fingerprint-exact"
"N_3658_G","VindicatorRenderer","net.minecraft.client.renderer.entity.VindicatorRenderer","ehi","fingerprint-exact"
"N_3669_S","V1451_3","net.minecraft.util.datafix.schemas.V1451_3","alz","fingerprint-exact"
"n_3702_H","ReportedException","net.minecraft.ReportedException","u","fingerprint-exact"
"n_3703_F","SaveAllCommand","net.minecraft.server.commands.SaveAllCommand","xx","fingerprint-exact"
"n_371_W","RecipeButton","net.minecraft.client.gui.screens.recipebook.RecipeButton","drs","fingerprint-exact"
"N_3738_X","LongRunningTask","com.mojang.realmsclient.util.task.LongRunningTask","dja","fingerprint-exact"
"n_374_m","BasaltColumnsFeature","net.minecraft.world.level.levelgen.feature.BasaltColumnsFeature","cil","fingerprint-exact"
"N_3766_s","MultiPartBakedModel","net.minecraft.client.resources.model.MultiPartBakedModel","elw","fingerprint-exact"
"N_3842_G","DifficultyInstance","net.minecraft.world.DifficultyInstance","aos","fingerprint-exact"
"N_4151_r","AbstractMegaTreeGrower","net.minecraft.world.level.block.grower.AbstractMegaTreeGrower","cdp","fingerprint-exact"
"N_4194_b","FoodProperties","net.minecraft.world.food.FoodProperties","bhz","fingerprint-exact"
"N_4309_j","IglooMetadataRemovalFix","net.minecraft.util.datafix.fixes.IglooMetadataRemovalFix","aiv","fingerprint-exact"
"N_4334_Z","LevelTimeAccess","net.minecraft.world.level.LevelTimeAccess","bsd","fingerprint-exact"
"N_4405_n","multiplayerClientSuggestionProvider","net.minecraft.client.multiplayer.ClientSuggestionProvider","dwv","fingerprint-exact"
"N_444_l","ServerboundRecipeBookChangeSettingsPacket","net.minecraft.network.protocol.game.ServerboundRecipeBookChangeSettingsPacket","tc","fingerprint-exact"
"n_4501_b","Context","net.minecraft.world.level.newbiome.context.Context","cvk","fingerprint-exact"
"N_4583_D","Resource","net.minecraft.server.packs.resources.Resource","acg","fingerprint-exact"
"n_4655_t","SoundEventRegistrationSerializer","net.minecraft.client.resources.sounds.SoundEventRegistrationSerializer","ems","fingerprint-exact"
"N_4686_r","MultiPart","net.minecraft.client.renderer.block.model.multipart.MultiPart","ebs","fingerprint-exact"
"n_4689_X","DebugQueryHandler","net.minecraft.client.DebugQueryHandler","djq","fingerprint-exact"
"N_4759_M","InsideBrownianWalk","net.minecraft.world.entity.ai.behavior.InsideBrownianWalk","asn","fingerprint-exact"
"N_4942_D","ClientboundGameProfilePacket","net.minecraft.network.protocol.login.ClientboundGameProfilePacket","ua","fingerprint-exact"
"N_4984_i","CraftingMenu","net.minecraft.world.inventory.CraftingMenu","bip","fingerprint-exact"
"n_4992_a","ChunkBiomeFix","net.minecraft.util.datafix.fixes.ChunkBiomeFix","ahc","fingerprint-exact"
"n_539_X","ItemWaterPotionFix","net.minecraft.util.datafix.fixes.ItemWaterPotionFix","ajj","fingerprint-exact"
"N_66_t","DesertWellFeature","net.minecraft.world.level.levelgen.feature.DesertWellFeature","cjf","fingerprint-exact"
"N_769_A","ClientboundPlayerAbilitiesPacket","net.minecraft.network.protocol.game.ClientboundPlayerAbilitiesPacket","qg","fingerprint-exact"
"N_77_i","ClientboundSetTitlesPacket","net.minecraft.network.protocol.game.ClientboundSetTitlesPacket","rl","fingerprint-exact"
"N_945_q","V2501","net.minecraft.util.datafix.schemas.V2501","amv","fingerprint-exact"
"O_1245_O","TreeDecorator","net.minecraft.world.level.levelgen.feature.treedecorators.TreeDecorator","cor","fingerprint-exact"
"O_1264_G","FallingDustParticle","net.minecraft.client.particle.FallingDustParticle","dxu","fingerprint-exact"
"O_14_Y","BambooFeature","net.minecraft.world.level.levelgen.feature.BambooFeature","cik","fingerprint-exact"
"o_140_m","LinearCongruentialGenerator","net.minecraft.util.LinearCongruentialGenerator","afk","fingerprint-exact"
"o_1655_z","UuidArgument","net.minecraft.commands.arguments.UuidArgument","ee","fingerprint-exact"
"O_1678_k","BowItem","net.minecraft.world.item.BowItem","bkm","fingerprint-exact"
"O_1684_U","BookItem","net.minecraft.world.item.BookItem","bkk","fingerprint-exact"
"o_1968_n","DrownedOuterLayer","net.minecraft.client.renderer.entity.layers.DrownedOuterLayer","eic","fingerprint-exact"
"O_2009_v","DragonChargePlayerPhase","net.minecraft.world.entity.boss.enderdragon.phases.DragonChargePlayerPhase","bbv","fingerprint-exact"
"o_2018_b","GoToCelebrateLocation","net.minecraft.world.entity.ai.behavior.GoToCelebrateLocation","asi","fingerprint-exact"
"O_2101_l","LeapAtTargetGoal","net.minecraft.world.entity.ai.goal.LeapAtTargetGoal","awb","fingerprint-exact"
"O_2162_r","CarvingMaskDecorator","net.minecraft.world.level.levelgen.placement.CarvingMaskDecorator","cpk","fingerprint-exact"
"O_2217_W","DrownedModel","net.minecraft.client.model.DrownedModel","dty","fingerprint-exact"
"O_222_p","TorchBlock","net.minecraft.world.level.block.TorchBlock","cba","fingerprint-exact"
"o_2269_Q","EdgeDecorator","net.minecraft.world.level.levelgen.placement.EdgeDecorator","cpy","fingerprint-exact"
"O_2403_b","DarkOakFoliagePlacer","net.minecraft.world.level.levelgen.feature.foliageplacers.DarkOakFoliagePlacer","cnj","fingerprint-exact"
"O_2536_X","VillageSectionsDebugRenderer","net.minecraft.client.renderer.debug.VillageSectionsDebugRenderer","edr","fingerprint-exact"
"O_266_q","ClientboundUpdateAdvancementsPacket","net.minecraft.network.protocol.game.ClientboundUpdateAdvancementsPacket","rt","fingerprint-exact"
"O_2725_e","ClientboundBlockUpdatePacket","net.minecraft.network.protocol.game.ClientboundBlockUpdatePacket","oy","fingerprint-exact"
"o_2793_Z","RecipesFix","net.minecraft.util.datafix.fixes.RecipesFix","akj","fingerprint-exact"
"O_2896_m","PlayerSensor","net.minecraft.world.entity.ai.sensing.PlayerSensor","ayy","fingerprint-exact"
"O_2921_M","V1909","net.minecraft.util.datafix.schemas.V1909","amp","fingerprint-exact"
"o_2940_r","BadRespawnPointDamage","net.minecraft.world.damagesource.BadRespawnPointDamage","apg","fingerprint-exact"
"o_2966_x","BeeModel","net.minecraft.client.model.BeeModel","dtl","fingerprint-exact"
"O_3021_S","BoatModel","net.minecraft.client.model.BoatModel","dtn","fingerprint-exact"
"o_3108_D","AlertScreen","net.minecraft.client.gui.screens.AlertScreen","dnn","fingerprint-exact"
"O_311_O","ArmorStandArmorModel","net.minecraft.client.model.ArmorStandArmorModel","dti","fingerprint-exact"
"O_320_i","ItemCombinerScreen","net.minecraft.client.gui.screens.inventory.ItemCombinerScreen","dqm","fingerprint-exact"
"o_3200_H","EnchantmentNames","net.minecraft.client.gui.screens.inventory.EnchantmentNames","dqf","fingerprint-exact"
"O_3218_D","StaticTagHelper","net.minecraft.tags.StaticTagHelper","aej","fingerprint-exact"
"O_3227_P","ItemModelShaper","net.minecraft.client.renderer.ItemModelShaper","ead","fingerprint-exact"
"O_329_I","Main_1","net.minecraft.client.main.Main$1","net/minecraft/client/main/Main$1","fingerprint-exact"
"O_3291_p","HoneyBlock","net.minecraft.world.level.block.HoneyBlock","bxk","fingerprint-exact"
"o_3602_i","FormattedBidiReorder","net.minecraft.client.resources.language.FormattedBidiReorder","ekw","fingerprint-exact"
"o_3622_W","Stray","net.minecraft.world.entity.monster.Stray","bec","fingerprint-exact"
"O_3657_v","DripParticle","net.minecraft.client.particle.DripParticle","dxp","fingerprint-exact"
"o_3729_J","RecipeSerializer","net.minecraft.world.item.crafting.RecipeSerializer","bos","fingerprint-exact"
"O_3826_S","UploadTokenCache","com.mojang.realmsclient.util.UploadTokenCache","div","fingerprint-exact"
"O_3876_D","GrassColor","net.minecraft.world.level.GrassColor","brv","fingerprint-exact"
"O_3886_Z","Painting","net.minecraft.world.entity.decoration.Painting","bcs","fingerprint-exact"
"o_3903_x","V701","net.minecraft.util.datafix.schemas.V701","anf","fingerprint-exact"
"O_3920_X","StonecutterBlock","net.minecraft.world.level.block.StonecutterBlock","cap","fingerprint-exact"
"o_396_N","RandomStroll","net.minecraft.world.entity.ai.behavior.RandomStroll","atc","fingerprint-exact"
"O_4017_m","ServerboundStatusRequestPacket","net.minecraft.network.protocol.status.ServerboundStatusRequestPacket","uq","fingerprint-exact"
"o_411_M","DropperBlockEntity","net.minecraft.world.level.block.entity.DropperBlockEntity","cct","fingerprint-exact"
"o_4110_P","BlockInWorld","net.minecraft.world.level.block.state.pattern.BlockInWorld","cel","fingerprint-exact"
"O_4208_Z","SignItem","net.minecraft.world.item.SignItem","bmx","fingerprint-exact"
"o_4293_W","BlockTags","net.minecraft.tags.BlockTags","aed","fingerprint-exact"
"O_4298_v","ChunkStatusFix2","net.minecraft.util.datafix.fixes.ChunkStatusFix2","ahg","fingerprint-exact"
"O_4377_Y","ClientboundTagQueryPacket","net.minecraft.network.protocol.game.ClientboundTagQueryPacket","rq","fingerprint-exact"
"O_4459_F","PolarBearRenderer","net.minecraft.client.renderer.entity.PolarBearRenderer","egg","fingerprint-exact"
"O_4471_U","OverlayChatListener","net.minecraft.client.gui.chat.OverlayChatListener","dla","fingerprint-exact"
"o_4502_v","DamageEnchantment","net.minecraft.world.item.enchantment.DamageEnchantment","bpp","fingerprint-exact"
"o_4535_J","StrongholdFeature","net.minecraft.world.level.levelgen.feature.StrongholdFeature","ckz","fingerprint-exact"
"o_4558_V","PhantomModel","net.minecraft.client.model.PhantomModel","dva","fingerprint-exact"
"O_4590_t","CubicSampler","net.minecraft.util.CubicSampler","net/minecraft/util/CubicSampler","fingerprint-exact"
"O_4591_l","MinecartSpawner","net.minecraft.world.entity.vehicle.MinecartSpawner","bhu","fingerprint-exact"
"O_4631_o","V2509","net.minecraft.util.datafix.schemas.V2509","amy","fingerprint-exact"
"O_4722_I","BanPlayerCommands","net.minecraft.server.commands.BanPlayerCommands","wj","fingerprint-exact"
"o_4790_i","FlyNodeEvaluator","net.minecraft.world.level.pathfinder.FlyNodeEvaluator","cxa","fingerprint-exact"
"o_4940_U","BeehiveDecorator","net.minecraft.world.level.levelgen.feature.treedecorators.BeehiveDecorator","coo","fingerprint-exact"
"o_4956_l","BasaltDeltasSurfaceBuilder","net.minecraft.world.level.levelgen.surfacebuilders.BasaltDeltasSurfaceBuilder","ctf","fingerprint-exact"
"o_4986_u","RecipeBookTabButton","net.minecraft.client.gui.screens.recipebook.RecipeBookTabButton","drr","fingerprint-exact"
"o_549_Z","PositionTracker","net.minecraft.world.entity.ai.behavior.PositionTracker","atb","fingerprint-exact"
"o_793_K","MutableSearchTree","net.minecraft.client.searchtree.MutableSearchTree","emy","fingerprint-exact"
"o_890_S","FurnaceFuelSlot","net.minecraft.world.inventory.FurnaceFuelSlot","bit","fingerprint-exact"
"o_917_a","PositionImpl","net.minecraft.core.PositionImpl","gl","fingerprint-exact"
"o_979_m","AnimalMakeLove","net.minecraft.world.entity.ai.behavior.AnimalMakeLove","arq","fingerprint-exact"
"p_1010_x","BeaconBlock","net.minecraft.world.level.block.BeaconBlock","bui","fingerprint-exact"
"p_106_T","BaseContainerBlockEntity","net.minecraft.world.level.block.entity.BaseContainerBlockEntity","ccd","fingerprint-exact"
"p_1129_r","EntryGroup","net.minecraft.world.level.storage.loot.entries.EntryGroup","czm","fingerprint-exact"
"P_1283_R","SetWalkTargetFromBlockMemory","net.minecraft.world.entity.ai.behavior.SetWalkTargetFromBlockMemory","atr","fingerprint-exact"
"P_1289_N","GuardianAttackSoundInstance","net.minecraft.client.resources.sounds.GuardianAttackSoundInstance","emm","fingerprint-exact"
"P_1354_D","BorderChangeListener","net.minecraft.world.level.border.BorderChangeListener","cfs","fingerprint-exact"
"p_1460_k","SilverfishModel","net.minecraft.client.model.SilverfishModel","dvr","fingerprint-exact"
"P_1463_C","ZombieVillagerModel","net.minecraft.client.model.ZombieVillagerModel","dwk","fingerprint-exact"
"P_1524_C","BreedGoal","net.minecraft.world.entity.ai.goal.BreedGoal","avi","fingerprint-exact"
"P_154_e","ReversePortalParticle","net.minecraft.client.particle.ReversePortalParticle","dyn","fingerprint-exact"
"P_1566_U","InBedChatScreen","net.minecraft.client.gui.screens.InBedChatScreen","doe","fingerprint-exact"
"p_1570_D","SubStringSource","net.minecraft.network.chat.SubStringSource","oc","fingerprint-exact"
"p_1612_n","GrindstoneBlock","net.minecraft.world.level.block.GrindstoneBlock","bxe","fingerprint-exact"
"P_1725_X","SearchRegistry","net.minecraft.client.searchtree.SearchRegistry","enb","fingerprint-exact"
"P_1771_S","MobSpawnerEntityIdentifiersFix","net.minecraft.util.datafix.fixes.MobSpawnerEntityIdentifiersFix","aju","fingerprint-exact"
"p_1784_p","NetherSurfaceBuilder","net.minecraft.world.level.levelgen.surfacebuilders.NetherSurfaceBuilder","ctp","fingerprint-exact"
"P_1795_V","StrayRenderer","net.minecraft.client.renderer.entity.StrayRenderer","egw","fingerprint-exact"
"p_1838_W","NetherWartBlock","net.minecraft.world.level.block.NetherWartBlock","bym","fingerprint-exact"
"p_1850_w","V501","net.minecraft.util.datafix.schemas.V501","and","fingerprint-exact"
"P_1874_Y","ZoglinRenderer","net.minecraft.client.renderer.entity.ZoglinRenderer","ehp","fingerprint-exact"
"p_1908_e","Tier","net.minecraft.world.item.Tier","bnh","fingerprint-exact"
"P_1952_N","ReplaceItemCommand","net.minecraft.server.commands.ReplaceItemCommand","xw","fingerprint-exact"
"P_1953_X","NearestItemSensor","net.minecraft.world.entity.ai.sensing.NearestItemSensor","ayu","fingerprint-exact"
"p_209_H","BecomePassiveIfMemoryPresent","net.minecraft.world.entity.ai.behavior.BecomePassiveIfMemoryPresent","aru","fingerprint-exact"
"p_2103_I","SaveOffCommand","net.minecraft.server.commands.SaveOffCommand","xy","fingerprint-exact"
"p_2134_l","EnchantCommand","net.minecraft.server.commands.EnchantCommand","ww","fingerprint-exact"
"P_2143_M","FurnaceResultSlot","net.minecraft.world.inventory.FurnaceResultSlot","biv","fingerprint-exact"
"P_225_f","ChestMenu","net.minecraft.world.inventory.ChestMenu","bij","fingerprint-exact"
"p_2315_O","SpiderRenderer","net.minecraft.client.renderer.entity.SpiderRenderer","egu","fingerprint-exact"
"p_2410_E","LerpingBossEvent","net.minecraft.client.gui.components.LerpingBossEvent","dls","fingerprint-exact"
"p_2504_U","V2519","net.minecraft.util.datafix.schemas.V2519","amz","fingerprint-exact"
"p_2528_w","ItemPredicateArgument","net.minecraft.commands.arguments.item.ItemPredicateArgument","ez","fingerprint-exact"
"P_2565_J","RealmsClientConfig","com.mojang.realmsclient.client.RealmsClientConfig","dgc","fingerprint-exact"
"P_2593_D","DeOpCommands","net.minecraft.server.commands.DeOpCommands","wo","fingerprint-exact"
"P_2598_t","StatsUpdateListener","net.minecraft.client.gui.screens.achievement.StatsUpdateListener","dpc","fingerprint-exact"
"p_2861_N","DragonSittingFlamingPhase","net.minecraft.world.entity.boss.enderdragon.phases.DragonSittingFlamingPhase","bcd","fingerprint-exact"
"p_2953_r","AttributeCommand","net.minecraft.server.commands.AttributeCommand","wg","fingerprint-exact"
"p_3067_a","WaterFluid","net.minecraft.world.level.material.WaterFluid","cvd","fingerprint-exact"
"P_3122_b","LightDebugRenderer","net.minecraft.client.renderer.debug.LightDebugRenderer","edl","fingerprint-exact"
"P_3201_s","ServerboundContainerClickPacket","net.minecraft.network.protocol.game.ServerboundContainerClickPacket","sk","fingerprint-exact"
"p_324_j","DragonHeadModel","net.minecraft.client.model.dragon.DragonHeadModel","dwl","fingerprint-exact"
"P_3278_N","ArrowFireEnchantment","net.minecraft.world.item.enchantment.ArrowFireEnchantment","bpk","fingerprint-exact"
"P_3282_R","TickTrigger","net.minecraft.advancements.critereon.TickTrigger","cq","fingerprint-exact"
"p_3291_Y","RandomPatchConfiguration","net.minecraft.world.level.levelgen.feature.configurations.RandomPatchConfiguration","cmn","fingerprint-exact"
"p_3521_u","Goal","net.minecraft.world.entity.ai.goal.Goal","avv","fingerprint-exact"
"p_3606_S","DefaultDispenseItemBehavior","net.minecraft.core.dispenser.DefaultDispenseItemBehavior","gv","fingerprint-exact"
"P_3631_h","LevelSimulatedRW","net.minecraft.world.level.LevelSimulatedRW","bsb","fingerprint-exact"
"p_3643_r","IronBarsBlock","net.minecraft.world.level.block.IronBarsBlock","bxq","fingerprint-exact"
"P_3651_M","SaveOnCommand","net.minecraft.server.commands.SaveOnCommand","xz","fingerprint-exact"
"P_37_X","V1125","net.minecraft.util.datafix.schemas.V1125","alt","fingerprint-exact"
"P_3816_I","VillagerProfession","net.minecraft.world.entity.npc.VillagerProfession","bfm","fingerprint-exact"
"P_3824_I","CountMultiLayerDecorator","net.minecraft.world.level.levelgen.placement.nether.CountMultiLayerDecorator","cqt","fingerprint-exact"
"P_4064_o","DedicatedServerProperties","net.minecraft.server.dedicated.DedicatedServerProperties","zh","fingerprint-exact"
"p_4101_v","EntityTypeTags","net.minecraft.tags.EntityTypeTags","aee","fingerprint-exact"
"P_4110_Q","BellRenderer","net.minecraft.client.renderer.blockentity.BellRenderer","ecc","fingerprint-exact"
"P_4139_e","BanListEntry","net.minecraft.server.players.BanListEntry","acp","fingerprint-exact"
"P_4186_B","StructureSettings","net.minecraft.world.level.levelgen.StructureSettings","chv","fingerprint-exact"
"P_4248_X","UserBanListEntry","net.minecraft.server.players.UserBanListEntry","ada","fingerprint-exact"
"P_4299_i","StringArgumentSerializer","net.minecraft.commands.synchronization.brigadier.StringArgumentSerializer","fs","fingerprint-exact"
"p_4391_t","IllusionerRenderer","net.minecraft.client.renderer.entity.IllusionerRenderer","efk","fingerprint-exact"
"P_4417_c","ClientboundAddPaintingPacket","net.minecraft.network.protocol.game.ClientboundAddPaintingPacket","oq","fingerprint-exact"
"p_452_U","WorldlyContainer","net.minecraft.world.WorldlyContainer","ape","fingerprint-exact"
"P_4549_d","ClientboundSectionBlocksUpdatePacket","net.minecraft.network.protocol.game.ClientboundSectionBlocksUpdatePacket","qr","fingerprint-exact"
"p_4592_c","BlockEntitySignTextStrictJsonFix","net.minecraft.util.datafix.fixes.BlockEntitySignTextStrictJsonFix","agu","fingerprint-exact"
"p_4726_V","ClientGamePacketListener","net.minecraft.network.protocol.game.ClientGamePacketListener","om","fingerprint-exact"
"P_475_J","ClientboundAddMobPacket","net.minecraft.network.protocol.game.ClientboundAddMobPacket","op","fingerprint-exact"
"p_4753_w","PackSource","net.minecraft.server.packs.repository.PackSource","abx","fingerprint-exact"
"p_485_c","SwamplandHutFeature","net.minecraft.world.level.levelgen.feature.SwamplandHutFeature","clc","fingerprint-exact"
"p_4887_A","Weighted","net.minecraft.client.sounds.Weighted","enw","fingerprint-exact"
"P_4986_p","FireChargeItem","net.minecraft.world.item.FireChargeItem","bll","fingerprint-exact"
"p_550_U","SmoothDouble","net.minecraft.util.SmoothDouble","afp","fingerprint-exact"
"P_567_z","ClientboundOpenScreenPacket","net.minecraft.network.protocol.game.ClientboundOpenScreenPacket","qd","fingerprint-exact"
"P_651_V","BlockEntityKeepPacked","net.minecraft.util.datafix.fixes.BlockEntityKeepPacked","ags","fingerprint-exact"
"p_71_U","TropicalFishRenderer","net.minecraft.client.renderer.entity.TropicalFishRenderer","ehd","fingerprint-exact"
"p_794_m","BedItem","net.minecraft.world.item.BedItem","bkg","fingerprint-exact"
"P_800_t","HoneyBottleItem","net.minecraft.world.item.HoneyBottleItem","blv","fingerprint-exact"
"p_826_T","DoNothing","net.minecraft.world.entity.ai.behavior.DoNothing","asc","fingerprint-exact"
"p_849_C","ElytraOnPlayerSoundInstance","net.minecraft.client.resources.sounds.ElytraOnPlayerSoundInstance","emk","fingerprint-exact"
"p_888_Y","ClientboundStatusResponsePacket","net.minecraft.network.protocol.status.ClientboundStatusResponsePacket","um","fingerprint-exact"
"p_924_Q","TryFindWaterGoal","net.minecraft.world.entity.ai.goal.TryFindWaterGoal","axh","fingerprint-exact"
"P_925_U","ClientboundStopSoundPacket","net.minecraft.network.protocol.game.ClientboundStopSoundPacket","ro","fingerprint-exact"
"P_947_p","NetherWorldCarver","net.minecraft.world.level.levelgen.carver.NetherWorldCarver","cic","fingerprint-exact"
"P_947_W","DifficultyCommand","net.minecraft.server.commands.DifficultyCommand","wt","fingerprint-exact"
"P_976_h","RealmsWorldOptions","com.mojang.realmsclient.dto.RealmsWorldOptions","dgw","fingerprint-exact"
"q_1072_W","SeaPickleFeature","net.minecraft.world.level.levelgen.feature.SeaPickleFeature","ckq","fingerprint-exact"
"Q_112_C","monsterSpider","net.minecraft.world.entity.monster.Spider","beb","fingerprint-exact"
"q_1160_i","EntitySummonArgument","net.minecraft.commands.arguments.EntitySummonArgument","dl","fingerprint-exact"
"Q_1181_Y","AbstractGolem","net.minecraft.world.entity.animal.AbstractGolem","azx","fingerprint-exact"
"q_1192_U","Palette","net.minecraft.world.level.chunk.Palette","cgm","fingerprint-exact"
"q_128_P","DoublePlantBlock","net.minecraft.world.level.block.DoublePlantBlock","bwd","fingerprint-exact"
"Q_1373_y","SnowyDirtBlock","net.minecraft.world.level.block.SnowyDirtBlock","cab","fingerprint-exact"
"q_1400_I","TeleportToPlayerMenuCategory","net.minecraft.client.gui.spectator.categories.TeleportToPlayerMenuCategory","dsv","fingerprint-exact"
"q_1566_D","DarkOakTreePlacementDecorator","net.minecraft.world.level.levelgen.placement.DarkOakTreePlacementDecorator","cps","fingerprint-exact"
"Q_1600_z","V2502","net.minecraft.util.datafix.schemas.V2502","amw","fingerprint-exact"
"Q_1738_n","FoxHeldItemLayer","net.minecraft.client.renderer.entity.layers.FoxHeldItemLayer","eih","fingerprint-exact"
"q_219_t","GsonAdapterFactory","net.minecraft.world.level.storage.loot.GsonAdapterFactory","cyt","fingerprint-exact"
"q_2248_D","RemoveBlockGoal","net.minecraft.world.entity.ai.goal.RemoveBlockGoal","awy","fingerprint-exact"
"q_2262_k","ClientboundSetTimePacket","net.minecraft.network.protocol.game.ClientboundSetTimePacket","rk","fingerprint-exact"
"Q_2342_R","LootItemCondition","net.minecraft.world.level.storage.loot.predicates.LootItemCondition","dbo","fingerprint-exact"
"q_2514_E","JigsawBlockEntity","net.minecraft.world.level.block.entity.JigsawBlockEntity","ccz","fingerprint-exact"
"Q_2574_V","CharPredicate","net.minecraft.CharPredicate","j","fingerprint-exact"
"Q_2581_D","AcquirePoi","net.minecraft.world.entity.ai.behavior.AcquirePoi","arp","fingerprint-exact"
"q_2751_f","EnderDragonPart","net.minecraft.world.entity.boss.EnderDragonPart","bbp","fingerprint-exact"
"q_2761_J","DecoratedDecoratorConfiguration","net.minecraft.world.level.levelgen.placement.DecoratedDecoratorConfiguration","cpu","fingerprint-exact"
"Q_278_G","JunglePyramidPiece","net.minecraft.world.level.levelgen.structure.JunglePyramidPiece","crf","fingerprint-exact"
"Q_283_q","SaddleLayer","net.minecraft.client.renderer.entity.layers.SaddleLayer","eiu","fingerprint-exact"
"Q_2892_x","ZombieAttackGoal","net.minecraft.world.entity.ai.goal.ZombieAttackGoal","axm","fingerprint-exact"
"q_293_d","CommonComponents","net.minecraft.network.chat.CommonComponents","nq","fingerprint-exact"
"Q_3015_t","DoubleBlockCombiner","net.minecraft.world.level.block.DoubleBlockCombiner","bwc","fingerprint-exact"
"Q_3110_v","ChunkProgressListenerFactory","net.minecraft.server.level.progress.ChunkProgressListenerFactory","aaq","fingerprint-exact"
"Q_3169_i","MoveToSkySeeingSpot","net.minecraft.world.entity.ai.behavior.MoveToSkySeeingSpot","asx","fingerprint-exact"
"Q_334_Y","ConfiguredWorldCarver","net.minecraft.world.level.levelgen.carver.ConfiguredWorldCarver","cib","fingerprint-exact"
"Q_3346_T","DownloadTask","com.mojang.realmsclient.util.task.DownloadTask","diy","fingerprint-exact"
"q_3433_U","RisingParticle","net.minecraft.client.particle.RisingParticle","dyo","fingerprint-exact"
"Q_3505_A","SpectralArrowRenderer","net.minecraft.client.renderer.entity.SpectralArrowRenderer","egt","fingerprint-exact"
"Q_356_t","NonNullList","net.minecraft.core.NonNullList","gj","fingerprint-exact"
"q_357_M","LevelSimulatedReader","net.minecraft.world.level.LevelSimulatedReader","bsc","fingerprint-exact"
"Q_3583_e","MoveToBlockGoal","net.minecraft.world.entity.ai.goal.MoveToBlockGoal","awj","fingerprint-exact"
"Q_3747_f","ReloadableResourceManager","net.minecraft.server.packs.resources.ReloadableResourceManager","acf","fingerprint-exact"
"Q_3844_F","OminousBannerRenameFix","net.minecraft.util.datafix.fixes.OminousBannerRenameFix","aka","fingerprint-exact"
"q_3858_B","CanyonWorldCarver","net.minecraft.world.level.levelgen.carver.CanyonWorldCarver","chy","fingerprint-exact"
"Q_3893_G","MoveTowardsTargetGoal","net.minecraft.world.entity.ai.goal.MoveTowardsTargetGoal","awl","fingerprint-exact"
"q_3966_q","DebugLevelSource","net.minecraft.world.level.levelgen.DebugLevelSource","chj","fingerprint-exact"
"q_3968_I","BastionPieces","net.minecraft.data.worldgen.BastionPieces","kb","fingerprint-exact"
"q_4016_z","SayCommand","net.minecraft.server.commands.SayCommand","ya","fingerprint-exact"
"Q_4166_l","RotationArgument","net.minecraft.commands.arguments.coordinates.RotationArgument","eo","fingerprint-exact"
"Q_4337_s","EndGatewayFeature","net.minecraft.world.level.levelgen.feature.EndGatewayFeature","cji","fingerprint-exact"
"q_4351_W","TridentModel","net.minecraft.client.model.TridentModel","dvz","fingerprint-exact"
"q_4421_c","V1451","net.minecraft.util.datafix.schemas.V1451","alw","fingerprint-exact"
"Q_4534_n","CombatEntry","net.minecraft.world.damagesource.CombatEntry","aph","fingerprint-exact"
"q_4592_V","Items","net.minecraft.world.item.Items","bmd","fingerprint-exact"
"Q_4620_B","Hoglin","net.minecraft.world.entity.monster.hoglin.Hoglin","bem","fingerprint-exact"
"q_4630_A","OceanRuinPieces","net.minecraft.world.level.levelgen.structure.OceanRuinPieces","crn","fingerprint-exact"
"Q_4720_d","PoiCompetitorScan","net.minecraft.world.entity.ai.behavior.PoiCompetitorScan","ata","fingerprint-exact"
"q_613_R","UnderwaterCanyonWorldCarver","net.minecraft.world.level.levelgen.carver.UnderwaterCanyonWorldCarver","cie","fingerprint-exact"
"Q_75_S","RealmsResetNormalWorldScreen","com.mojang.realmsclient.gui.screens.RealmsResetNormalWorldScreen","die","fingerprint-exact"
"Q_759_f","MsgCommand","net.minecraft.server.commands.MsgCommand","xm","fingerprint-exact"
"Q_82_Y","AudioStream","net.minecraft.client.sounds.AudioStream","enm","fingerprint-exact"
"q_906_m","SpikeFeature","net.minecraft.world.level.levelgen.feature.SpikeFeature","ckx","fingerprint-exact"
"r_1199_M","ClientboundUpdateMobEffectPacket","net.minecraft.network.protocol.game.ClientboundUpdateMobEffectPacket","rv","fingerprint-exact"
"r_1203_P","PortalParticle","net.minecraft.client.particle.PortalParticle","dym","fingerprint-exact"
"r_1256_m","ItemWrittenBookPagesStrictJsonFix","net.minecraft.util.datafix.fixes.ItemWrittenBookPagesStrictJsonFix","ajk","fingerprint-exact"
"r_1358_v","LingeringPotionItem","net.minecraft.world.item.LingeringPotionItem","bmg","fingerprint-exact"
"r_1391_v","NamedEntityFix","net.minecraft.util.datafix.fixes.NamedEntityFix","ajv","fingerprint-exact"
"R_1400_H","BrewingStandScreen","net.minecraft.client.gui.screens.inventory.BrewingStandScreen","dpw","fingerprint-exact"
"R_1485_T","FoodData","net.minecraft.world.food.FoodData","bhy","fingerprint-exact"
"R_160_I","DecoratedDecorator","net.minecraft.world.level.levelgen.placement.DecoratedDecorator","cpt","fingerprint-exact"
"r_1650_P","HorseInventoryScreen","net.minecraft.client.gui.screens.inventory.HorseInventoryScreen","dqk","fingerprint-exact"
"R_1695_l","PipeBlock","net.minecraft.world.level.block.PipeBlock","bys","fingerprint-exact"
"R_1733_e","TextureSheetParticle","net.minecraft.client.particle.TextureSheetParticle","dzb","fingerprint-exact"
"R_1828_C","WoolCarpetBlock","net.minecraft.world.level.block.WoolCarpetBlock","cby","fingerprint-exact"
"R_1901_Q","ResetUniversalAngerTargetGoal","net.minecraft.world.entity.ai.goal.target.ResetUniversalAngerTargetGoal","axw","fingerprint-exact"
"r_1932_L","RepeatedNarrator","net.minecraft.realms.RepeatedNarrator","eoq","fingerprint-exact"
"R_1938_m","TemptGoal","net.minecraft.world.entity.ai.goal.TemptGoal","axf","fingerprint-exact"
"R_1962_M","WallBannerBlock","net.minecraft.world.level.block.WallBannerBlock","cbj","fingerprint-exact"
"r_1992_X","ShulkerModel","net.minecraft.client.model.ShulkerModel","dvq","fingerprint-exact"
"r_2259_Y","Deserializers","net.minecraft.world.level.storage.loot.Deserializers","cys","fingerprint-exact"
"r_2306_e","DefaultUncaughtExceptionHandler","net.minecraft.DefaultUncaughtExceptionHandler","o","fingerprint-exact"
"R_2353_k","HugeExplosionSeedParticle","net.minecraft.client.particle.HugeExplosionSeedParticle","dxz","fingerprint-exact"
"r_236_H","AdvancementsFix","net.minecraft.util.datafix.fixes.AdvancementsFix","agf","fingerprint-exact"
"r_2399_B","WritableBookItem","net.minecraft.world.item.WritableBookItem","bnr","fingerprint-exact"
"R_2462_Z","MoveControl","net.minecraft.world.entity.ai.control.MoveControl","avb","fingerprint-exact"
"r_2499_e","WoodlandMansionFeature","net.minecraft.world.level.levelgen.feature.WoodlandMansionFeature","clk","fingerprint-exact"
"r_2521_K","BlockStateArgument","net.minecraft.commands.arguments.blocks.BlockStateArgument","eh","fingerprint-exact"
"R_2530_G","FormattedCharSink","net.minecraft.util.FormattedCharSink","afb","fingerprint-exact"
"r_2541_r","EntityRidingToPassengersFix","net.minecraft.util.datafix.fixes.EntityRidingToPassengersFix","aif","fingerprint-exact"
"r_2945_K","CrashReportCategory","net.minecraft.CrashReportCategory","m","fingerprint-exact"
"R_3008_r","AvoidEntityGoal","net.minecraft.world.entity.ai.goal.AvoidEntityGoal","avd","fingerprint-exact"
"R_3039_H","BastionFeature","net.minecraft.world.level.levelgen.feature.BastionFeature","cio","fingerprint-exact"
"R_3117_q","ClientboundUpdateAttributesPacket","net.minecraft.network.protocol.game.ClientboundUpdateAttributesPacket","ru","fingerprint-exact"
"r_3319_G","RequirementsStrategy","net.minecraft.advancements.RequirementsStrategy","aj","fingerprint-exact"
"R_3414_E","Potions","net.minecraft.world.item.alchemy.Potions","bnw","fingerprint-exact"
"R_3435_b","TropicalFishPatternLayer","net.minecraft.client.renderer.entity.layers.TropicalFishPatternLayer","ejd","fingerprint-exact"
"r_3522_H","BlockEntityType","net.minecraft.world.level.block.entity.BlockEntityType","cck","fingerprint-exact"
"R_3555_I","PaintingTextureManager","net.minecraft.client.resources.PaintingTextureManager","ekr","fingerprint-exact"
"R_358_q","WakeUp","net.minecraft.world.entity.ai.behavior.WakeUp","auo","fingerprint-exact"
"r_373_q","UserWhiteListEntry","net.minecraft.server.players.UserWhiteListEntry","adc","fingerprint-exact"
"r_3739_E","FireworkRocketItem","net.minecraft.world.item.FireworkRocketItem","blm","fingerprint-exact"
"R_3822_q","SlimeRenderer","net.minecraft.client.renderer.entity.SlimeRenderer","egr","fingerprint-exact"
"R_3955_i","SpawnData","net.minecraft.world.level.SpawnData","bsm","fingerprint-exact"
"R_3966_A","ItemShulkerBoxColorFix","net.minecraft.util.datafix.fixes.ItemShulkerBoxColorFix","ajc","fingerprint-exact"
"r_4034_q","VillagePools","net.minecraft.data.worldgen.VillagePools","kr","fingerprint-exact"
"r_4056_q","ItemColor","net.minecraft.client.color.item.ItemColor","dkr","fingerprint-exact"
"r_4124_G","CloneCommands","net.minecraft.server.commands.CloneCommands","wm","fingerprint-exact"
"r_4128_f","DeltaFeatureConfiguration","net.minecraft.world.level.levelgen.feature.configurations.DeltaFeatureConfiguration","clx","fingerprint-exact"
"r_4226_f","SpriteCoordinateExpander","net.minecraft.client.renderer.SpriteCoordinateExpander","eas","fingerprint-exact"
"R_4370_f","SlimeBlock","net.minecraft.world.level.block.SlimeBlock","bzx","fingerprint-exact"
"r_4383_Y","SubShape","net.minecraft.world.phys.shapes.SubShape","ddg","fingerprint-exact"
"R_4505_H","ObserverBlock","net.minecraft.world.level.block.ObserverBlock","byq","fingerprint-exact"
"R_4522_h","UseItemGoal","net.minecraft.world.entity.ai.goal.UseItemGoal","axi","fingerprint-exact"
"R_453_Q","BlockEntityJukeboxFix","net.minecraft.util.datafix.fixes.BlockEntityJukeboxFix","agr","fingerprint-exact"
"r_4569_C","RecipeCommand","net.minecraft.server.commands.RecipeCommand","xu","fingerprint-exact"
"R_4709_v","SetWalkTargetAwayFrom","net.minecraft.world.entity.ai.behavior.SetWalkTargetAwayFrom","atp","fingerprint-exact"
"R_4733_x","MobEffectUtil","net.minecraft.world.effect.MobEffectUtil","apv","fingerprint-exact"
"r_4763_p","SliceShape","net.minecraft.world.phys.shapes.SliceShape","ddf","fingerprint-exact"
"r_4784_G","RealmsCreateRealmScreen","com.mojang.realmsclient.gui.screens.RealmsCreateRealmScreen","dhu","fingerprint-exact"
"r_53_x","VillagerMakeLove","net.minecraft.world.entity.ai.behavior.VillagerMakeLove","aum","fingerprint-exact"
"R_552_s","EntityModel","net.minecraft.client.model.EntityModel","duc","fingerprint-exact"
"r_587_x","AnvilScreen","net.minecraft.client.gui.screens.inventory.AnvilScreen","dpr","fingerprint-exact"
"R_676_G","HumanoidHeadModel","net.minecraft.client.model.HumanoidHeadModel","dul","fingerprint-exact"
"R_759_x","FoliageColorReloadListener","net.minecraft.client.resources.FoliageColorReloadListener","ekl","fingerprint-exact"
"r_795_M","ResourcePackFileNotFoundException","net.minecraft.server.packs.ResourcePackFileNotFoundException","abl","fingerprint-exact"
"r_908_z","Minecart","net.minecraft.world.entity.vehicle.Minecart","bhp","fingerprint-exact"
"r_915_t","RunningOnDifferentThreadException","net.minecraft.server.RunningOnDifferentThreadException","vu","fingerprint-exact"
"R_968_z","ConduitRenderer","net.minecraft.client.renderer.blockentity.ConduitRenderer","eci","fingerprint-exact"
"S_103_Q","Widget","net.minecraft.client.gui.components.Widget","dmf","fingerprint-exact"
"S_1098_f","NoiseCountFactorDecoratorConfiguration","net.minecraft.world.level.levelgen.placement.NoiseCountFactorDecoratorConfiguration","cql","fingerprint-exact"
"S_1252_r","StandingSignBlock","net.minecraft.world.level.block.StandingSignBlock","cal","fingerprint-exact"
"S_1286_n","DummySensor","net.minecraft.world.entity.ai.sensing.DummySensor","ayp","fingerprint-exact"
"s_1308_X","TranslatableFormatException","net.minecraft.network.chat.TranslatableFormatException","og","fingerprint-exact"
"S_1454_u","ErrorScreen","net.minecraft.client.gui.screens.ErrorScreen","doc","fingerprint-exact"
"S_1613_H","GenericDirtMessageScreen","net.minecraft.client.gui.screens.GenericDirtMessageScreen","dod","fingerprint-exact"
"S_1680_D","RememberIfHoglinWasKilled","net.minecraft.world.entity.monster.piglin.RememberIfHoglinWasKilled","bex","fingerprint-exact"
"S_1684_T","DataLayer","net.minecraft.world.level.chunk.DataLayer","cgb","fingerprint-exact"
"S_1702_E","ExceptionCollector","net.minecraft.util.ExceptionCollector","aey","fingerprint-exact"
"S_1737_L","CriterionTrigger","net.minecraft.advancements.CriterionTrigger","af","fingerprint-exact"
"S_1796_E","SimpleBlockFeature","net.minecraft.world.level.levelgen.feature.SimpleBlockFeature","ckt","fingerprint-exact"
"S_1968_i","WorldGenLevel","net.minecraft.world.level.WorldGenLevel","bsr","fingerprint-exact"
"S_1998_E","V135","net.minecraft.util.datafix.schemas.V135","alu","fingerprint-exact"
"S_2006_j","BushFoliagePlacer","net.minecraft.world.level.levelgen.feature.foliageplacers.BushFoliagePlacer","cni","fingerprint-exact"
"S_2067_I","SkeletonModel","net.minecraft.client.model.SkeletonModel","dvs","fingerprint-exact"
"S_2107_a","ResourceManager","net.minecraft.server.packs.resources.ResourceManager","ach","fingerprint-exact"
"s_2121_j","RealmsClientOutdatedScreen","com.mojang.realmsclient.gui.screens.RealmsClientOutdatedScreen","dhr","fingerprint-exact"
"S_2171_r","EntityCollisionContext","net.minecraft.world.phys.shapes.EntityCollisionContext","dcx","fingerprint-exact"
"s_2224_j","MultipleTestTracker","net.minecraft.gametest.framework.MultipleTestTracker","lp","fingerprint-exact"
"s_2293_f","Vector3d","com.mojang.math.Vector3d","dfu","fingerprint-exact"
"s_2313_j","Rect2i","net.minecraft.client.renderer.Rect2i","eal","fingerprint-exact"
"s_236_r","SoundEngineExecutor","net.minecraft.client.sounds.SoundEngineExecutor","ens","fingerprint-exact"
"S_2441_s","ClientboundSetDefaultSpawnPositionPacket","net.minecraft.network.protocol.game.ClientboundSetDefaultSpawnPositionPacket","qy","fingerprint-exact"
"S_2635_Q","NoiseSlideSettings","net.minecraft.world.level.levelgen.NoiseSlideSettings","chs","fingerprint-exact"
"S_2677_s","NopProcessor","net.minecraft.world.level.levelgen.structure.templatesystem.NopProcessor","csm","fingerprint-exact"
"s_2691_J","PufferfishRenderer","net.minecraft.client.renderer.entity.PufferfishRenderer","egh","fingerprint-exact"
"s_2728_H","LootPoolEntries","net.minecraft.world.level.storage.loot.entries.LootPoolEntries","czo","fingerprint-exact"
"s_2954_r","LiquidBlockContainer","net.minecraft.world.level.block.LiquidBlockContainer","byc","fingerprint-exact"
"S_3054_I","BaseFireBlock","net.minecraft.world.level.block.BaseFireBlock","bue","fingerprint-exact"
"S_3081_d","ShipwreckConfiguration","net.minecraft.world.level.levelgen.feature.configurations.ShipwreckConfiguration","cms","fingerprint-exact"
"s_3152_S","HorseRenderer","net.minecraft.client.renderer.entity.HorseRenderer","efg","fingerprint-exact"
"S_321_m","ScoreboardSlotArgument","net.minecraft.commands.arguments.ScoreboardSlotArgument","ea","fingerprint-exact"
"S_3340_p","TreeConfiguration","net.minecraft.world.level.levelgen.feature.configurations.TreeConfiguration","cmz","fingerprint-exact"
"S_3372_n","IdMap","net.minecraft.core.IdMap","gg","fingerprint-exact"
"S_341_A","AreaTransformer0","net.minecraft.world.level.newbiome.layer.traits.AreaTransformer0","cwl","fingerprint-exact"
"s_3414_O","JigsawConfiguration","net.minecraft.world.level.levelgen.feature.configurations.JigsawConfiguration","cmc","fingerprint-exact"
"s_3428_g","AbstractBannerBlock","net.minecraft.world.level.block.AbstractBannerBlock","btm","fingerprint-exact"
"s_3498_y","FireDecorator","net.minecraft.world.level.levelgen.placement.nether.FireDecorator","cqu","fingerprint-exact"
"S_3570_g","MyceliumBlock","net.minecraft.world.level.block.MyceliumBlock","byi","fingerprint-exact"
"S_3643_O","SitWhenOrderedToGoal","net.minecraft.world.entity.ai.goal.SitWhenOrderedToGoal","axb","fingerprint-exact"
"S_3651_q","EndIslandPlacementDecorator","net.minecraft.world.level.levelgen.placement.EndIslandPlacementDecorator","cqb","fingerprint-exact"
"S_3668_v","LevelData","net.minecraft.world.level.storage.LevelData","cyd","fingerprint-exact"
"S_3710_Q","MendingEnchantment","net.minecraft.world.item.enchantment.MendingEnchantment","bqc","fingerprint-exact"
"S_3875_z","BlockPlaceContext","net.minecraft.world.item.context.BlockPlaceContext","bny","fingerprint-exact"
"s_3889_g","FeatureConfiguration","net.minecraft.world.level.levelgen.feature.configurations.FeatureConfiguration","cma","fingerprint-exact"
"S_3925_d","IndirectMerger","net.minecraft.world.phys.shapes.IndirectMerger","dda","fingerprint-exact"
"S_3943_f","WorkAtPoi","net.minecraft.world.entity.ai.behavior.WorkAtPoi","aur","fingerprint-exact"
"S_403_M","OptionsAddTextBackgroundFix","net.minecraft.util.datafix.fixes.OptionsAddTextBackgroundFix","akb","fingerprint-exact"
"s_411_R","ClientboundLevelEventPacket","net.minecraft.network.protocol.game.ClientboundLevelEventPacket","pu","fingerprint-exact"
"s_4133_V","DragonPhaseInstance","net.minecraft.world.entity.boss.enderdragon.phases.DragonPhaseInstance","bcb","fingerprint-exact"
"s_4141_e","ItemLoreFix","net.minecraft.util.datafix.fixes.ItemLoreFix","aiz","fingerprint-exact"
"s_4217_M","CatSitOnBlockGoal","net.minecraft.world.entity.ai.goal.CatSitOnBlockGoal","avk","fingerprint-exact"
"s_4325_E","ServerboundSignUpdatePacket","net.minecraft.network.protocol.game.ServerboundSignUpdatePacket","tp","fingerprint-exact"
"s_4375_S","DragonHoverPhase","net.minecraft.world.entity.boss.enderdragon.phases.DragonHoverPhase","bby","fingerprint-exact"
"s_4464_H","RealmsScreenWithCallback","com.mojang.realmsclient.gui.screens.RealmsScreenWithCallback","dig","fingerprint-exact"
"s_456_N","IntTag","net.minecraft.nbt.IntTag","mi","fingerprint-exact"
"s_4566_m","BlockModelShaper","net.minecraft.client.renderer.block.BlockModelShaper","eaw","fingerprint-exact"
"s_4629_A","JukeboxBlockEntity","net.minecraft.world.level.block.entity.JukeboxBlockEntity","cda","fingerprint-exact"
"S_465_z","OverworldBiomeSource","net.minecraft.world.level.biome.OverworldBiomeSource","btj","fingerprint-exact"
"s_4687_O","BlockElementRotation","net.minecraft.client.renderer.block.model.BlockElementRotation","ebd","fingerprint-exact"
"s_471_q","CreeperPowerLayer","net.minecraft.client.renderer.entity.layers.CreeperPowerLayer","ehx","fingerprint-exact"
"s_4818_n","KelpFeature","net.minecraft.world.level.levelgen.feature.KelpFeature","cjz","fingerprint-exact"
"S_4896_C","TallSeagrass","net.minecraft.world.level.block.TallSeagrass","cax","fingerprint-exact"
"s_4943_w","ItemCustomNameToComponentFix","net.minecraft.util.datafix.fixes.ItemCustomNameToComponentFix","aix","fingerprint-exact"
"S_4962_v","NoiseSamplingSettings","net.minecraft.world.level.levelgen.NoiseSamplingSettings","chq","fingerprint-exact"
"s_512_g","ChunkBufferBuilderPack","net.minecraft.client.renderer.ChunkBufferBuilderPack","dzt","fingerprint-exact"
"s_586_k","Fluid","net.minecraft.world.level.material.Fluid","cuw","fingerprint-exact"
"s_591_r","LightningBolt","net.minecraft.world.entity.LightningBolt","aql","fingerprint-exact"
"S_607_Z","MenuConstructor","net.minecraft.world.inventory.MenuConstructor","bjd","fingerprint-exact"
"s_753_w","SimpleBakedModel","net.minecraft.client.resources.model.SimpleBakedModel","elx","fingerprint-exact"
"s_792_X","WitherWallSkullBlock","net.minecraft.world.level.block.WitherWallSkullBlock","cbw","fingerprint-exact"
"S_820_H","FunctionCommand","net.minecraft.server.commands.FunctionCommand","xb","fingerprint-exact"
"s_86_q","ItemParser","net.minecraft.commands.arguments.item.ItemParser","ey","fingerprint-exact"
"S_880_W","ParticleOptions","net.minecraft.core.particles.ParticleOptions","hf","fingerprint-exact"
"S_924_l","LookAndFollowTradingPlayerSink","net.minecraft.world.entity.ai.behavior.LookAndFollowTradingPlayerSink","ast","fingerprint-exact"
"S_940_Y","WitherSkull","net.minecraft.world.entity.projectile.WitherSkull","bgz","fingerprint-exact"
"S_968_S","ScatteredFeaturePiece","net.minecraft.world.level.levelgen.structure.ScatteredFeaturePiece","crq","fingerprint-exact"
"S_970_t","AbsoptionMobEffect","net.minecraft.world.effect.AbsoptionMobEffect","apo","fingerprint-exact"
"T_1033_E","UnderwaterAmbientSoundHandler","net.minecraft.client.resources.sounds.UnderwaterAmbientSoundHandler","emv","fingerprint-exact"
"t_1110_g","GuardianModel","net.minecraft.client.model.GuardianModel","duh","fingerprint-exact"
"t_1315_a","SetSpawnCommand","net.minecraft.server.commands.SetSpawnCommand","yg","fingerprint-exact"
"T_1329_P","ChorusPlantBlock","net.minecraft.world.level.block.ChorusPlantBlock","bvg","fingerprint-exact"
"t_133_l","WolfModel","net.minecraft.client.model.WolfModel","dwi","fingerprint-exact"
"t_1362_y","NoOpFeature","net.minecraft.world.level.levelgen.feature.NoOpFeature","ckf","fingerprint-exact"
"t_1528_W","MinMaxBounds","net.minecraft.advancements.critereon.MinMaxBounds","bz","fingerprint-exact"
"t_1533_c","FishingHookPredicate","net.minecraft.advancements.critereon.FishingHookPredicate","bj","fingerprint-exact"
"T_1613_g","FloatGoal","net.minecraft.world.entity.ai.goal.FloatGoal","avp","fingerprint-exact"
"T_19_T","Toast","net.minecraft.client.gui.components.toasts.Toast","dmq","fingerprint-exact"
"T_1940_S","BirchTreeGrower","net.minecraft.world.level.block.grower.BirchTreeGrower","cds","fingerprint-exact"
"T_1965_J","ServerboundCustomQueryPacket","net.minecraft.network.protocol.login.ServerboundCustomQueryPacket","uf","fingerprint-exact"
"t_1984_L","ParticleTypes","net.minecraft.core.particles.ParticleTypes","hh","fingerprint-exact"
"T_1999_U","StrictQueue","net.minecraft.util.thread.StrictQueue","aog","fingerprint-exact"
"T_2055_d","BaseCoralWallFanBlock","net.minecraft.world.level.block.BaseCoralWallFanBlock","buc","fingerprint-exact"
"t_2136_i","AbstractSliderButton","net.minecraft.client.gui.components.AbstractSliderButton","dlg","fingerprint-exact"
"t_2159_K","ArrowItem","net.minecraft.world.item.ArrowItem","bkc","fingerprint-exact"
"t_2294_f","LavaSubmergedBlockProcessor","net.minecraft.world.level.levelgen.structure.templatesystem.LavaSubmergedBlockProcessor","csk","fingerprint-exact"
"t_2323_L","PosRuleTest","net.minecraft.world.level.levelgen.structure.templatesystem.PosRuleTest","cso","fingerprint-exact"
"T_2328_R","LightEventListener","net.minecraft.world.level.lighting.LightEventListener","cup","fingerprint-exact"
"T_2354_N","VillageBoundRandomStroll","net.minecraft.world.entity.ai.behavior.VillageBoundRandomStroll","auj","fingerprint-exact"
"t_2420_f","V1451_2","net.minecraft.util.datafix.schemas.V1451_2","aly","fingerprint-exact"
"T_2522_n","SpongeBlock","net.minecraft.world.level.block.SpongeBlock","cag","fingerprint-exact"
"t_2577_l","RealmsWorldResetDto","com.mojang.realmsclient.dto.RealmsWorldResetDto","dgx","fingerprint-exact"
"t_2612_U","LevelAccessor","net.minecraft.world.level.LevelAccessor","bry","fingerprint-exact"
"T_2619_F","RotatedPillarBlock","net.minecraft.world.level.block.RotatedPillarBlock","bzl","fingerprint-exact"
"t_2639_L","LlamaDecorLayer","net.minecraft.client.renderer.entity.layers.LlamaDecorLayer","eio","fingerprint-exact"
"T_2645_x","BlockStateMatchTest","net.minecraft.world.level.levelgen.structure.templatesystem.BlockStateMatchTest","csh","fingerprint-exact"
"t_2650_P","Material","net.minecraft.world.level.material.Material","cva","fingerprint-exact"
"t_273_F","BatRenderer","net.minecraft.client.renderer.entity.BatRenderer","eea","fingerprint-exact"
"T_2787_O","DatapackLoadFailureScreen","net.minecraft.client.gui.screens.DatapackLoadFailureScreen","dnw","fingerprint-exact"
"t_2951_z","DragonSittingAttackingPhase","net.minecraft.world.entity.boss.enderdragon.phases.DragonSittingAttackingPhase","bcc","fingerprint-exact"
"t_297_f","DyeItemRenameFix","net.minecraft.util.datafix.fixes.DyeItemRenameFix","ahk","fingerprint-exact"
"t_2996_e","CountConfiguration","net.minecraft.world.level.levelgen.feature.configurations.CountConfiguration","clu","fingerprint-exact"
"t_3132_H","ClientboundSetDisplayObjectivePacket","net.minecraft.network.protocol.game.ClientboundSetDisplayObjectivePacket","qz","fingerprint-exact"
"t_3138_Z","Packet","net.minecraft.network.protocol.Packet","oj","fingerprint-exact"
"T_3260_t","ClientboundPongResponsePacket","net.minecraft.network.protocol.status.ClientboundPongResponsePacket","ul","fingerprint-exact"
"T_3273_N","Stats","net.minecraft.stats.Stats","aea","fingerprint-exact"
"t_3429_I","DragonEggBlock","net.minecraft.world.level.block.DragonEggBlock","bwe","fingerprint-exact"
"t_3511_a","ControlsScreen","net.minecraft.client.gui.screens.controls.ControlsScreen","dpl","fingerprint-exact"
"T_3532_O","WitherArmorLayer","net.minecraft.client.renderer.entity.layers.WitherArmorLayer","ejg","fingerprint-exact"
"T_3560_X","BlockMaterialPredicate","net.minecraft.world.level.block.state.predicate.BlockMaterialPredicate","cep","fingerprint-exact"
"T_3614_l","SeedCommand","net.minecraft.server.commands.SeedCommand","yd","fingerprint-exact"
"t_3667_Y","Horse","net.minecraft.world.entity.animal.horse.Horse","bbd","fingerprint-exact"
"t_3716_e","DragonFireballRenderer","net.minecraft.client.renderer.entity.DragonFireballRenderer","eem","fingerprint-exact"
"T_3747_I","JumpControl","net.minecraft.world.entity.ai.control.JumpControl","auz","fingerprint-exact"
"T_3844_K","TimeCommand","net.minecraft.server.commands.TimeCommand","ys","fingerprint-exact"
"T_3885_h","NoiseBasedDecorator","net.minecraft.world.level.levelgen.placement.NoiseBasedDecorator","cqk","fingerprint-exact"
"t_3928_j","EnchantTableRenderer","net.minecraft.client.renderer.blockentity.EnchantTableRenderer","ecj","fingerprint-exact"
"T_4033_U","PhantomEyesLayer","net.minecraft.client.renderer.entity.layers.PhantomEyesLayer","eis","fingerprint-exact"
"t_409_C","TickableSoundInstance","net.minecraft.client.resources.sounds.TickableSoundInstance","emu","fingerprint-exact"
"T_4098_s","SimpleSoundInstance","net.minecraft.client.resources.sounds.SimpleSoundInstance","emp","fingerprint-exact"
"T_4130_B","NoiseSettings","net.minecraft.world.level.levelgen.NoiseSettings","chr","fingerprint-exact"
"T_4166_v","GhastModel","net.minecraft.client.model.GhastModel","duf","fingerprint-exact"
"t_433_b","EmeraldPlacementDecorator","net.minecraft.world.level.levelgen.placement.EmeraldPlacementDecorator","cpz","fingerprint-exact"
"t_4345_O","AcaciaFoliagePlacer","net.minecraft.world.level.levelgen.feature.foliageplacers.AcaciaFoliagePlacer","cng","fingerprint-exact"
"T_44_k","IcePatchFeature","net.minecraft.world.level.levelgen.feature.IcePatchFeature","cjt","fingerprint-exact"
"t_4523_v","StemGrownBlock","net.minecraft.world.level.block.StemGrownBlock","can","fingerprint-exact"
"T_4530_B","SerializationTags","net.minecraft.tags.SerializationTags","aeh","fingerprint-exact"
"T_4585_Y","LocateBiomeCommand","net.minecraft.server.commands.LocateBiomeCommand","xj","fingerprint-exact"
"T_4608_q","AbstractSkullBlock","net.minecraft.world.level.block.AbstractSkullBlock","btq","fingerprint-exact"
"T_4627_P","ShulkerBoxColoring","net.minecraft.world.item.crafting.ShulkerBoxColoring","boy","fingerprint-exact"
"t_4645_L","PrimedTnt","net.minecraft.world.entity.item.PrimedTnt","bcw","fingerprint-exact"
"T_4673_D","StructureBlock","net.minecraft.world.level.block.StructureBlock","caq","fingerprint-exact"
"t_4949_p","NarrationHelper","net.minecraft.realms.NarrationHelper","eoj","fingerprint-exact"
"t_596_e","MouseSettingsScreen","net.minecraft.client.gui.screens.MouseSettingsScreen","doj","fingerprint-exact"
"t_623_N","BarrierParticle","net.minecraft.client.particle.BarrierParticle","dxg","fingerprint-exact"
"T_688_W","SpringConfiguration","net.minecraft.world.level.levelgen.feature.configurations.SpringConfiguration","cmw","fingerprint-exact"
"T_689_P","TeamMsgCommand","net.minecraft.server.commands.TeamMsgCommand","yp","fingerprint-exact"
"T_69_K","Ping","com.mojang.realmsclient.client.Ping","dga","fingerprint-exact"
"t_81_F","SnowAndFreezeFeature","net.minecraft.world.level.levelgen.feature.SnowAndFreezeFeature","ckw","fingerprint-exact"
"t_847_m","CipherBase","net.minecraft.network.CipherBase","my","fingerprint-exact"
"T_879_r","BlockSourceImpl","net.minecraft.core.BlockSourceImpl","fz","fingerprint-exact"
"T_918_A","PhantomRenderer","net.minecraft.client.renderer.entity.PhantomRenderer","egc","fingerprint-exact"
"u_105_Y","ColumnPosArgument","net.minecraft.commands.arguments.coordinates.ColumnPosArgument","el","fingerprint-exact"
"u_1130_l","BlastingRecipeBookComponent","net.minecraft.client.gui.screens.recipebook.BlastingRecipeBookComponent","drm","fingerprint-exact"
"U_1150_I","IceBlock","net.minecraft.world.level.block.IceBlock","bxo","fingerprint-exact"
"u_1317_M","DragonLandingPhase","net.minecraft.world.entity.boss.enderdragon.phases.DragonLandingPhase","bca","fingerprint-exact"
"u_1403_d","SwordItem","net.minecraft.world.item.SwordItem","bnf","fingerprint-exact"
"U_1409_Q","SpikeConfiguration","net.minecraft.world.level.levelgen.feature.configurations.SpikeConfiguration","cmv","fingerprint-exact"
"U_1474_X","VillagerRebuildLevelAndXpFix","net.minecraft.util.datafix.fixes.VillagerRebuildLevelAndXpFix","alf","fingerprint-exact"
"u_1515_i","ClientSideMerchant","net.minecraft.world.entity.npc.ClientSideMerchant","bfg","fingerprint-exact"
"U_1636_Q","Position","net.minecraft.core.Position","gk","fingerprint-exact"
"u_1837_r","BoatDispenseItemBehavior","net.minecraft.core.dispenser.BoatDispenseItemBehavior","gu","fingerprint-exact"
"u_1863_n","WeighedSoundEvents","net.minecraft.client.sounds.WeighedSoundEvents","env","fingerprint-exact"
"u_187_F","EmptyGlyph","net.minecraft.client.gui.font.glyphs.EmptyGlyph","dna","fingerprint-exact"
"u_1934_n","SoulFireBlock","net.minecraft.world.level.block.SoulFireBlock","cac","fingerprint-exact"
"u_1950_E","GuardedSerializer","com.mojang.realmsclient.dto.GuardedSerializer","dgi","fingerprint-exact"
"u_2033_e","RestrictSunGoal","net.minecraft.world.entity.ai.goal.RestrictSunGoal","awz","fingerprint-exact"
"U_2098_y","SoulSandValleySurfaceBuilder","net.minecraft.world.level.levelgen.surfacebuilders.SoulSandValleySurfaceBuilder","cts","fingerprint-exact"
"U_2159_l","NumericTag","net.minecraft.nbt.NumericTag","mq","fingerprint-exact"
"U_2189_b","WorkAtComposter","net.minecraft.world.entity.ai.behavior.WorkAtComposter","auq","fingerprint-exact"
"u_2370_a","MaterialColor","net.minecraft.world.level.material.MaterialColor","cvb","fingerprint-exact"
"U_2454_P","V1906","net.minecraft.util.datafix.schemas.V1906","amo","fingerprint-exact"
"u_257_G","ProcessorHandle","net.minecraft.util.thread.ProcessorHandle","aod","fingerprint-exact"
"u_258_R","TellRawCommand","net.minecraft.server.commands.TellRawCommand","yr","fingerprint-exact"
"u_2597_E","SetTag","net.minecraft.tags.SetTag","aei","fingerprint-exact"
"U_2656_Q","RangedCrossbowAttackGoal","net.minecraft.world.entity.ai.goal.RangedCrossbowAttackGoal","awx","fingerprint-exact"
"U_2754_K","FoliagePlacerType","net.minecraft.world.level.levelgen.feature.foliageplacers.FoliagePlacerType","cnm","fingerprint-exact"
"u_2795_g","BlockStateConfiguration","net.minecraft.world.level.levelgen.feature.configurations.BlockStateConfiguration","cls","fingerprint-exact"
"U_2816_c","biomeBiomes","net.minecraft.world.level.biome.Biomes","btb","fingerprint-exact"
"u_2857_N","V1931","net.minecraft.util.datafix.schemas.V1931","amt","fingerprint-exact"
"u_2992_f","CocoaBlock","net.minecraft.world.level.block.CocoaBlock","bvh","fingerprint-exact"
"u_324_Z","DecoratedFeature","net.minecraft.world.level.levelgen.feature.DecoratedFeature","cjb","fingerprint-exact"
"u_3285_o","LakeWaterPlacementDecorator","net.minecraft.world.level.levelgen.placement.LakeWaterPlacementDecorator","cqj","fingerprint-exact"
"U_3305_c","CoralBlock","net.minecraft.world.level.block.CoralBlock","bvn","fingerprint-exact"
"u_3629_u","StructureVoidBlock","net.minecraft.world.level.block.StructureVoidBlock","car","fingerprint-exact"
"u_3636_C","ErodedBadlandsSurfaceBuilder","net.minecraft.world.level.levelgen.surfacebuilders.ErodedBadlandsSurfaceBuilder","cti","fingerprint-exact"
"u_3725_B","WallPropertyFix","net.minecraft.util.datafix.fixes.WallPropertyFix","alh","fingerprint-exact"
"U_3752_h","FollowMobGoal","net.minecraft.world.entity.ai.goal.FollowMobGoal","avs","fingerprint-exact"
"U_3788_Q","SmokerScreen","net.minecraft.client.gui.screens.inventory.SmokerScreen","dqx","fingerprint-exact"
"U_3961_Q","PaletteResize","net.minecraft.world.level.chunk.PaletteResize","cgn","fingerprint-exact"
"U_3999_I","ChestRenderer","net.minecraft.client.renderer.blockentity.ChestRenderer","ech","fingerprint-exact"
"u_4024_h","DustParticleOptions","net.minecraft.core.particles.DustParticleOptions","hd","fingerprint-exact"
"U_4254_q","BlockFaceUV","net.minecraft.client.renderer.block.model.BlockFaceUV","ebe","fingerprint-exact"
"u_4303_H","SocialInteractionsPlayerList","net.minecraft.client.gui.screens.social.SocialInteractionsPlayerList","dsb","fingerprint-exact"
"U_4323_y","TridentRiptideEnchantment","net.minecraft.world.item.enchantment.TridentRiptideEnchantment","bqn","fingerprint-exact"
"u_4607_O","HotbarManager","net.minecraft.client.HotbarManager","djv","fingerprint-exact"
"U_4657_E","RenderBuffers","net.minecraft.client.renderer.RenderBuffers","eam","fingerprint-exact"
"u_4743_F","LecternRenderer","net.minecraft.client.renderer.blockentity.LecternRenderer","eck","fingerprint-exact"
"u_4771_O","DeserializationContext","net.minecraft.advancements.critereon.DeserializationContext","ax","fingerprint-exact"
"U_4851_r","CompoundTagArgument","net.minecraft.commands.arguments.CompoundTagArgument","dh","fingerprint-exact"
"u_4892_C","DeltaFeature","net.minecraft.world.level.levelgen.feature.DeltaFeature","cjd","fingerprint-exact"
"U_4926_H","StrollToPoi","net.minecraft.world.entity.ai.behavior.StrollToPoi","aub","fingerprint-exact"
"U_4927_H","PathNavigationRegion","net.minecraft.world.level.PathNavigationRegion","bsi","fingerprint-exact"
"U_4940_Y","WaterLilyBlockItem","net.minecraft.world.item.WaterLilyBlockItem","bnp","fingerprint-exact"
"u_495_H","AbstractFurnaceRecipeBookComponent","net.minecraft.client.gui.screens.recipebook.AbstractFurnaceRecipeBookComponent","drl","fingerprint-exact"
"u_4953_m","BiomeDefaultFeatures","net.minecraft.data.worldgen.BiomeDefaultFeatures","ke","fingerprint-exact"
"U_4954_f","ShulkerBulletRenderer","net.minecraft.client.renderer.entity.ShulkerBulletRenderer","egn","fingerprint-exact"
"U_504_I","SpectatorGui","net.minecraft.client.gui.components.spectator.SpectatorGui","dml","fingerprint-exact"
"u_51_q","SaddleItem","net.minecraft.world.item.SaddleItem","bmr","fingerprint-exact"
"u_556_I","BaseAshSmokeParticle","net.minecraft.client.particle.BaseAshSmokeParticle","dxh","fingerprint-exact"
"u_588_r","ZombieHorse","net.minecraft.world.entity.animal.horse.ZombieHorse","bbl","fingerprint-exact"
"U_787_Y","OldDataLayer","net.minecraft.world.level.chunk.OldDataLayer","cgl","fingerprint-exact"
"U_82_k","Ghast","net.minecraft.world.entity.monster.Ghast","bdk","fingerprint-exact"
"U_830_w","V2551","net.minecraft.util.datafix.schemas.V2551","anb","fingerprint-exact"
"u_839_v","StopHoldingItemIfNoLongerAdmiring","net.minecraft.world.entity.monster.piglin.StopHoldingItemIfNoLongerAdmiring","bfc","fingerprint-exact"
"U_89_P","IntArrayTag","net.minecraft.nbt.IntArrayTag","mh","fingerprint-exact"
"u_957_O","TriggerCommand","net.minecraft.server.commands.TriggerCommand","yu","fingerprint-exact"
"V_1004_m","RealmsServerAddress","net.minecraft.realms.RealmsServerAddress","eop","fingerprint-exact"
"v_1027_K","EntityItemFrameDirectionFix","net.minecraft.util.datafix.fixes.EntityItemFrameDirectionFix","ahw","fingerprint-exact"
"V_1030_N","EnchantmentTableParticle","net.minecraft.client.particle.EnchantmentTableParticle","dxr","fingerprint-exact"
"v_1032_z","EnergySwirlLayer","net.minecraft.client.renderer.entity.layers.EnergySwirlLayer","eif","fingerprint-exact"
"v_1224_l","WeatherCommand","net.minecraft.server.commands.WeatherCommand","yv","fingerprint-exact"
"V_1237_g","GolemSensor","net.minecraft.world.entity.ai.sensing.GolemSensor","ayq","fingerprint-exact"
"v_1352_K","LightChunkGetter","net.minecraft.world.level.chunk.LightChunkGetter","cgj","fingerprint-exact"
"v_1370_t","AttributesRename","net.minecraft.util.datafix.fixes.AttributesRename","agh","fingerprint-exact"
"V_1424_Q","SwampSurfaceBuilder","net.minecraft.world.level.levelgen.surfacebuilders.SwampSurfaceBuilder","ctw","fingerprint-exact"
"V_1618_t","PigRenderer","net.minecraft.client.renderer.entity.PigRenderer","egd","fingerprint-exact"
"V_1822_W","Features","net.minecraft.data.worldgen.Features","kh","fingerprint-exact"
"V_1879_g","SimpleOptionsSubScreen","net.minecraft.client.gui.screens.SimpleOptionsSubScreen","dov","fingerprint-exact"
"V_1917_z","NetherVines","net.minecraft.world.level.block.NetherVines","byl","fingerprint-exact"
"V_1978_p","RuleTestType","net.minecraft.world.level.levelgen.structure.templatesystem.RuleTestType","csv","fingerprint-exact"
"V_2096_E","RootSpectatorMenuCategory","net.minecraft.client.gui.spectator.RootSpectatorMenuCategory","dsp","fingerprint-exact"
"v_2173_A","DaylightDetectorBlockEntity","net.minecraft.world.level.block.entity.DaylightDetectorBlockEntity","ccr","fingerprint-exact"
"v_2252_h","BlazeRenderer","net.minecraft.client.renderer.entity.BlazeRenderer","eec","fingerprint-exact"
"v_227_g","LookAtPlayerGoal","net.minecraft.world.entity.ai.goal.LookAtPlayerGoal","awd","fingerprint-exact"
"v_2302_Q","Motive","net.minecraft.world.entity.decoration.Motive","bcr","fingerprint-exact"
"v_2462_k","BlastFurnaceBlockEntity","net.minecraft.world.level.block.entity.BlastFurnaceBlockEntity","cci","fingerprint-exact"
"v_2464_I","VillagerFollowRangeFix","net.minecraft.util.datafix.fixes.VillagerFollowRangeFix","ale","fingerprint-exact"
"V_251_L","PumpkinBlock","net.minecraft.world.level.block.PumpkinBlock","byz","fingerprint-exact"
"v_2617_w","EmoteCommands","net.minecraft.server.commands.EmoteCommands","wv","fingerprint-exact"
"v_262_h","MinecartSoundInstance","net.minecraft.client.resources.sounds.MinecartSoundInstance","emn","fingerprint-exact"
"V_27_D","QuadrupedModel","net.minecraft.client.model.QuadrupedModel","dvi","fingerprint-exact"
"V_2751_N","HalfTransparentBlock","net.minecraft.world.level.block.HalfTransparentBlock","bxi","fingerprint-exact"
"V_2781_t","PlayerRideableJumping","net.minecraft.world.entity.PlayerRideableJumping","aqw","fingerprint-exact"
"V_2807_s","SmithingScreen","net.minecraft.client.gui.screens.inventory.SmithingScreen","dqw","fingerprint-exact"
"v_2827_n","ComparatorBlockEntity","net.minecraft.world.level.block.entity.ComparatorBlockEntity","ccp","fingerprint-exact"
"v_2843_D","SurfaceBuilders","net.minecraft.data.worldgen.SurfaceBuilders","kp","fingerprint-exact"
"v_285_I","MemoryModuleType","net.minecraft.world.entity.ai.memory.MemoryModuleType","ayd","fingerprint-exact"
"V_286_P","ScaffoldingBlockItem","net.minecraft.world.item.ScaffoldingBlockItem","bms","fingerprint-exact"
"V_2985_W","MountainSurfaceBuilder","net.minecraft.world.level.levelgen.surfacebuilders.MountainSurfaceBuilder","ctm","fingerprint-exact"
"V_3036_W","GameTestBatch","net.minecraft.gametest.framework.GameTestBatch","la","fingerprint-exact"
"v_3142_l","BlockEntityCustomNameToComponentFix","net.minecraft.util.datafix.fixes.BlockEntityCustomNameToComponentFix","agp","fingerprint-exact"
"v_3442_y","BlastFurnaceScreen","net.minecraft.client.gui.screens.inventory.BlastFurnaceScreen","dpt","fingerprint-exact"
"v_3490_u","LightPredicate","net.minecraft.advancements.critereon.LightPredicate","bv","fingerprint-exact"
"v_352_n","BottleItem","net.minecraft.world.item.BottleItem","bkl","fingerprint-exact"
"V_3523_D","Button","net.minecraft.client.gui.components.Button","dlj","fingerprint-exact"
"v_3589_v","BiomeAmbientSoundsHandler","net.minecraft.client.resources.sounds.BiomeAmbientSoundsHandler","emi","fingerprint-exact"
"v_3593_H","NetherForestSurfaceBuilder","net.minecraft.world.level.levelgen.surfacebuilders.NetherForestSurfaceBuilder","cto","fingerprint-exact"
"v_3625_o","PreloadedTexture","net.minecraft.client.renderer.texture.PreloadedTexture","ejx","fingerprint-exact"
"v_3708_E","PufferfishMidModel","net.minecraft.client.model.PufferfishMidModel","dvg","fingerprint-exact"
"v_3967_j","Input","net.minecraft.client.player.Input","dzk","fingerprint-exact"
"V_4020_j","BuiltinRegistries","net.minecraft.data.BuiltinRegistries","hk","fingerprint-exact"
"V_4164_k","AbstractFish","net.minecraft.world.entity.animal.AbstractFish","azw","fingerprint-exact"
"V_4242_C","SpectatorPage","net.minecraft.client.gui.spectator.categories.SpectatorPage","dsu","fingerprint-exact"
"V_4286_F","SoundEvents","net.minecraft.sounds.SoundEvents","adq","fingerprint-exact"
"V_4320_R","InstantenousMobEffect","net.minecraft.world.effect.InstantenousMobEffect","apr","fingerprint-exact"
"v_4341_O","ArmorStandModel","net.minecraft.client.model.ArmorStandModel","dtj","fingerprint-exact"
"V_4353_T","DimensionTransformer","net.minecraft.world.level.newbiome.layer.traits.DimensionTransformer","cwu","fingerprint-exact"
"v_4419_Y","AbstractZombieRenderer","net.minecraft.client.renderer.entity.AbstractZombieRenderer","edw","fingerprint-exact"
"V_4449_G","OceanRuinConfiguration","net.minecraft.world.level.levelgen.feature.configurations.OceanRuinConfiguration","cmi","fingerprint-exact"
"V_448_S","ServerData","net.minecraft.client.multiplayer.ServerData","dwz","fingerprint-exact"
"v_4673_o","RealmsLabel","net.minecraft.realms.RealmsLabel","eom","fingerprint-exact"
"V_4700_n","RealmsConfirmScreen","com.mojang.realmsclient.gui.screens.RealmsConfirmScreen","dht","fingerprint-exact"
"V_4888_A","CaveSpider","net.minecraft.world.entity.monster.CaveSpider","bdb","fingerprint-exact"
"V_509_a","PiglinBarterLoot","net.minecraft.data.loot.PiglinBarterLoot","ig","fingerprint-exact"
"v_56_o","featureIcePatchFeature","net.minecraft.world.level.levelgen.feature.IcePatchFeature","cjt","fingerprint-exact"
"v_621_m","SetWorldSpawnCommand","net.minecraft.server.commands.SetWorldSpawnCommand","yh","fingerprint-exact"
"V_709_G","ObjectiveCriteriaArgument","net.minecraft.commands.arguments.ObjectiveCriteriaArgument","du","fingerprint-exact"
"v_75_G","StructureProcessorType","net.minecraft.world.level.levelgen.structure.templatesystem.StructureProcessorType","cta","fingerprint-exact"
"v_837_p","LlamaModel","net.minecraft.client.model.LlamaModel","dus","fingerprint-exact"
"v_841_j","SandBlock","net.minecraft.world.level.block.SandBlock","bzn","fingerprint-exact"
"W_1097_F","AbstractTreeGrower","net.minecraft.world.level.block.grower.AbstractTreeGrower","cdq","fingerprint-exact"
"W_1339_C","RepairItemRecipe","net.minecraft.world.item.crafting.RepairItemRecipe","bou","fingerprint-exact"
"w_134_T","LootItemConditions","net.minecraft.world.level.storage.loot.predicates.LootItemConditions","dbq","fingerprint-exact"
"w_1345_o","NetherFortressFeature","net.minecraft.world.level.levelgen.feature.NetherFortressFeature","cke","fingerprint-exact"
"w_1370_N","TutorialStepInstance","net.minecraft.client.tutorial.TutorialStepInstance","eof","fingerprint-exact"
"w_1436_C","BlockStateData","net.minecraft.util.datafix.fixes.BlockStateData","agz","fingerprint-exact"
"W_147_k","ClientboundPlayerLookAtPacket","net.minecraft.network.protocol.game.ClientboundPlayerLookAtPacket","qj","fingerprint-exact"
"w_1474_C","dtoRealmsServerAddress","com.mojang.realmsclient.dto.RealmsServerAddress","dgr","fingerprint-exact"
"w_1691_a","UnbakedModel","net.minecraft.client.resources.model.UnbakedModel","ely","fingerprint-exact"
"w_1701_a","EndTag","net.minecraft.nbt.EndTag","mf","fingerprint-exact"
"w_1800_W","VirtualScreen","net.minecraft.client.renderer.VirtualScreen","eau","fingerprint-exact"
"w_184_g","GravelBlock","net.minecraft.world.level.block.GravelBlock","bxd","fingerprint-exact"
"w_1969_V","ParticleType","net.minecraft.core.particles.ParticleType","hg","fingerprint-exact"
"w_1979_N","BlockMatchTest","net.minecraft.world.level.levelgen.structure.templatesystem.BlockMatchTest","csf","fingerprint-exact"
"W_1987_I","EntityBasedExplosionDamageCalculator","net.minecraft.world.level.EntityBasedExplosionDamageCalculator","brn","fingerprint-exact"
"W_2056_Z","C1Transformer","net.minecraft.world.level.newbiome.layer.traits.C1Transformer","cwq","fingerprint-exact"
"w_2064_Z","AdultSensor","net.minecraft.world.entity.ai.sensing.AdultSensor","ayo","fingerprint-exact"
"w_2221_n","Crypt","net.minecraft.util.Crypt","aeu","fingerprint-exact"
"w_2293_L","CubePointRange","net.minecraft.world.phys.shapes.CubePointRange","dct","fingerprint-exact"
"w_2298_C","ClientboundSetScorePacket","net.minecraft.network.protocol.game.ClientboundSetScorePacket","rj","fingerprint-exact"
"W_2345_z","SpringFeature","net.minecraft.world.level.levelgen.feature.SpringFeature","cky","fingerprint-exact"
"W_2348_b","ImageButton","net.minecraft.client.gui.components.ImageButton","dlr","fingerprint-exact"
"w_2411_W","HugeBrownMushroomFeature","net.minecraft.world.level.levelgen.feature.HugeBrownMushroomFeature","cjp","fingerprint-exact"
"W_2480_e","NetherFossilPieces","net.minecraft.world.level.levelgen.structure.NetherFossilPieces","crk","fingerprint-exact"
"w_2591_R","LlamaSpitRenderer","net.minecraft.client.renderer.entity.LlamaSpitRenderer","eft","fingerprint-exact"
"w_2592_f","FireworkEntityRenderer","net.minecraft.client.renderer.entity.FireworkEntityRenderer","eez","fingerprint-exact"
"w_2626_J","ColorResolver","net.minecraft.world.level.ColorResolver","net/minecraft/world/level/ColorResolver","fingerprint-exact"
"w_2735_w","VillagerRenderer","net.minecraft.client.renderer.entity.VillagerRenderer","ehh","fingerprint-exact"
"w_2749_z","TallFlowerBlock","net.minecraft.world.level.block.TallFlowerBlock","cav","fingerprint-exact"
"w_2815_w","StriderGravityFix","net.minecraft.util.datafix.fixes.StriderGravityFix","aky","fingerprint-exact"
"w_2865_h","MinecartModel","net.minecraft.client.model.MinecartModel","duu","fingerprint-exact"
"W_2880_K","ClientboundSetHealthPacket","net.minecraft.network.protocol.game.ClientboundSetHealthPacket","rf","fingerprint-exact"
"w_2892_y","LayerConfiguration","net.minecraft.world.level.levelgen.feature.configurations.LayerConfiguration","cmd","fingerprint-exact"
"w_2940_x","VictoryStroll","net.minecraft.world.entity.ai.behavior.VictoryStroll","aui","fingerprint-exact"
"W_3060_S","PathfindToRaidGoal","net.minecraft.world.entity.ai.goal.PathfindToRaidGoal","awq","fingerprint-exact"
"w_3061_x","AttachedStemBlock","net.minecraft.world.level.block.AttachedStemBlock","btt","fingerprint-exact"
"W_3273_i","AbstractIllager","net.minecraft.world.entity.monster.AbstractIllager","bcy","fingerprint-exact"
"w_3306_p","DerivedLevelData","net.minecraft.world.level.storage.DerivedLevelData","cyb","fingerprint-exact"
"w_3396_k","PufferfishBigModel","net.minecraft.client.model.PufferfishBigModel","dvf","fingerprint-exact"
"w_3403_a","NearestLivingEntitySensor","net.minecraft.world.entity.ai.sensing.NearestLivingEntitySensor","ayv","fingerprint-exact"
"W_3441_p","ForcePoiRebuild","net.minecraft.util.datafix.fixes.ForcePoiRebuild","air","fingerprint-exact"
"W_3458_H","WeightedStateProvider","net.minecraft.world.level.levelgen.feature.stateproviders.WeightedStateProvider","cnz","fingerprint-exact"
"W_347_F","ClientboundAddPlayerPacket","net.minecraft.network.protocol.game.ClientboundAddPlayerPacket","or","fingerprint-exact"
"w_3613_o","RangedBowAttackGoal","net.minecraft.world.entity.ai.goal.RangedBowAttackGoal","aww","fingerprint-exact"
"w_3625_o","SwimStatsRenameFix","net.minecraft.util.datafix.fixes.SwimStatsRenameFix","ala","fingerprint-exact"
"w_3751_F","Deadmau5EarsLayer","net.minecraft.client.renderer.entity.layers.Deadmau5EarsLayer","eia","fingerprint-exact"
"w_3914_l","ModelUtils","net.minecraft.client.model.ModelUtils","duw","fingerprint-exact"
"W_3943_o","Objective","net.minecraft.world.scores.Objective","ddk","fingerprint-exact"
"w_3946_C","DragonFireball","net.minecraft.world.entity.projectile.DragonFireball","bgd","fingerprint-exact"
"W_4_d","GoalUtils","net.minecraft.world.entity.ai.util.GoalUtils","azi","fingerprint-exact"
"w_4053_R","BannerRenderer","net.minecraft.client.renderer.blockentity.BannerRenderer","ebz","fingerprint-exact"
"W_4092_V","WitchModel","net.minecraft.client.model.WitchModel","dwg","fingerprint-exact"
"w_4116_f","OptionalDispenseItemBehavior","net.minecraft.core.dispenser.OptionalDispenseItemBehavior","gx","fingerprint-exact"
"W_4217_C","PlayerEnderChestContainer","net.minecraft.world.inventory.PlayerEnderChestContainer","bji","fingerprint-exact"
"w_426_B","RegionBitmap","net.minecraft.world.level.chunk.storage.RegionBitmap","cgx","fingerprint-exact"
"w_4351_J","EntityHitResult","net.minecraft.world.phys.EntityHitResult","dck","fingerprint-exact"
"W_4373_F","MagmaCubeRenderer","net.minecraft.client.renderer.entity.MagmaCubeRenderer","efu","fingerprint-exact"
"w_4404_b","MapIndex","net.minecraft.world.level.saveddata.maps.MapIndex","cxw","fingerprint-exact"
"W_4464_G","PistonHeadRenderer","net.minecraft.client.renderer.blockentity.PistonHeadRenderer","ecl","fingerprint-exact"
"W_4582_r","ResultContainer","net.minecraft.world.inventory.ResultContainer","bjm","fingerprint-exact"
"w_4608_T","SavedDataUUIDFix","net.minecraft.util.datafix.fixes.SavedDataUUIDFix","akt","fingerprint-exact"
"w_4614_T","CopyMemoryWithExpiry","net.minecraft.world.entity.ai.behavior.CopyMemoryWithExpiry","arz","fingerprint-exact"
"W_4667_E","AbstractTickableSoundInstance","net.minecraft.client.resources.sounds.AbstractTickableSoundInstance","emd","fingerprint-exact"
"w_4717_x","NetworkDataOutputStream","net.minecraft.server.rcon.NetworkDataOutputStream","ade","fingerprint-exact"
"W_4768_A","DragonDeathPhase","net.minecraft.world.entity.boss.enderdragon.phases.DragonDeathPhase","bbw","fingerprint-exact"
"W_4834_C","SoundEvent","net.minecraft.sounds.SoundEvent","adp","fingerprint-exact"
"w_4877_F","ProtoTickList","net.minecraft.world.level.chunk.ProtoTickList","cgq","fingerprint-exact"
"w_4899_t","ChorusPlantFeature","net.minecraft.world.level.levelgen.feature.ChorusPlantFeature","ciu","fingerprint-exact"
"w_4942_z","MerchantOffer","net.minecraft.world.item.trading.MerchantOffer","bqv","fingerprint-exact"
"w_4976_u","EndGatewayBlock","net.minecraft.world.level.block.EndGatewayBlock","bwh","fingerprint-exact"
"W_4989_Y","ChunkToProtochunkFix","net.minecraft.util.datafix.fixes.ChunkToProtochunkFix","ahi","fingerprint-exact"
"W_4992_N","RandomBooleanFeatureConfiguration","net.minecraft.world.level.levelgen.feature.configurations.RandomBooleanFeatureConfiguration","cml","fingerprint-exact"
"W_573_M","V700","net.minecraft.util.datafix.schemas.V700","ane","fingerprint-exact"
"w_591_D","IllagerModel","net.minecraft.client.model.IllagerModel","dun","fingerprint-exact"
"w_856_a","DefaultSurfaceBuilder","net.minecraft.world.level.levelgen.surfacebuilders.DefaultSurfaceBuilder","cth","fingerprint-exact"
"x_1128_H","ItemSteerable","net.minecraft.world.entity.ItemSteerable","aqk","fingerprint-exact"
"x_1131_d","ValidateNearbyPoi","net.minecraft.world.entity.ai.behavior.ValidateNearbyPoi","auh","fingerprint-exact"
"x_1148_N","LogaritmicProgressOption","net.minecraft.client.LogaritmicProgressOption","djy","fingerprint-exact"
"X_1214_z","CollisionContext","net.minecraft.world.phys.shapes.CollisionContext","dcs","fingerprint-exact"
"x_1236_U","StartAdmiringItemIfSeen","net.minecraft.world.entity.monster.piglin.StartAdmiringItemIfSeen","bey","fingerprint-exact"
"x_1240_E","BarrelBlockEntity","net.minecraft.world.level.block.entity.BarrelBlockEntity","ccc","fingerprint-exact"
"x_1339_Z","ComponentUtils","net.minecraft.network.chat.ComponentUtils","ns","fingerprint-exact"
"x_1409_M","FurnaceBlockEntity","net.minecraft.world.level.block.entity.FurnaceBlockEntity","ccw","fingerprint-exact"
"x_1424_Q","EvokerFangsModel","net.minecraft.client.model.EvokerFangsModel","dud","fingerprint-exact"
"x_1550_d","particleCritParticle","net.minecraft.client.particle.CritParticle","dxn","fingerprint-exact"
"x_1553_A","ServerboundSetCommandBlockPacket","net.minecraft.network.protocol.game.ServerboundSetCommandBlockPacket","tk","fingerprint-exact"
"x_1584_N","V702","net.minecraft.util.datafix.schemas.V702","ang","fingerprint-exact"
"x_1605_A","RunAroundLikeCrazyGoal","net.minecraft.world.entity.ai.goal.RunAroundLikeCrazyGoal","axa","fingerprint-exact"
"x_1763_F","ThrownEgg","net.minecraft.world.entity.projectile.ThrownEgg","bgu","fingerprint-exact"
"x_1830_E","ContainerLevelAccess","net.minecraft.world.inventory.ContainerLevelAccess","bim","fingerprint-exact"
"X_194_f","GlobalPalette","net.minecraft.world.level.chunk.GlobalPalette","cge","fingerprint-exact"
"X_213_A","KillCommand","net.minecraft.server.commands.KillCommand","xh","fingerprint-exact"
"x_2155_E","ParticleCommand","net.minecraft.server.commands.ParticleCommand","xq","fingerprint-exact"
"x_2196_n","BlockNameFlatteningFix","net.minecraft.util.datafix.fixes.BlockNameFlatteningFix","agw","fingerprint-exact"
"X_2244_V","GoalSelectorDebugRenderer","net.minecraft.client.renderer.debug.GoalSelectorDebugRenderer","edj","fingerprint-exact"
"X_2296_j","MobSpawnSettings","net.minecraft.world.level.biome.MobSpawnSettings","btg","fingerprint-exact"
"x_2312_B","ElderGuardianRenderer","net.minecraft.client.renderer.entity.ElderGuardianRenderer","eeo","fingerprint-exact"
"x_2375_p","SheepRenderer","net.minecraft.client.renderer.entity.SheepRenderer","egm","fingerprint-exact"
"x_2570_g","FallingBlock","net.minecraft.world.level.block.FallingBlock","bwo","fingerprint-exact"
"x_2742_m","LevelWriter","net.minecraft.world.level.LevelWriter","bse","fingerprint-exact"
"X_278_J","ThrowableItemProjectile","net.minecraft.world.entity.projectile.ThrowableItemProjectile","bgs","fingerprint-exact"
"X_2951_U","ProfilerFiller","net.minecraft.util.profiling.ProfilerFiller","anw","fingerprint-exact"
"X_3100_I","AllMissingGlyphProvider","net.minecraft.client.gui.font.AllMissingGlyphProvider","dmu","fingerprint-exact"
"X_3120_G","DirectionalPlaceContext","net.minecraft.world.item.context.DirectionalPlaceContext","bnz","fingerprint-exact"
"x_3124_y","SimpleRandomFeatureConfiguration","net.minecraft.world.level.levelgen.feature.configurations.SimpleRandomFeatureConfiguration","cmu","fingerprint-exact"
"x_3263_j","MoveBackToVillageGoal","net.minecraft.world.entity.ai.goal.MoveBackToVillageGoal","awg","fingerprint-exact"
"X_3282_p","FishingLoot","net.minecraft.data.loot.FishingLoot","ic","fingerprint-exact"
"x_3349_M","BlockSource","net.minecraft.core.BlockSource","fy","fingerprint-exact"
"X_3374_q","PlayerRespawnLogic","net.minecraft.server.level.PlayerRespawnLogic","aab","fingerprint-exact"
"X_3409_L","ApplyExplosionDecay","net.minecraft.world.level.storage.loot.functions.ApplyExplosionDecay","czy","fingerprint-exact"
"X_3422_J","EndGatewayPlacementDecorator","net.minecraft.world.level.levelgen.placement.EndGatewayPlacementDecorator","cqa","fingerprint-exact"
"x_3481_v","EntityDataSerializer","net.minecraft.network.syncher.EntityDataSerializer","ut","fingerprint-exact"
"x_3566_O","GameProfileArgument","net.minecraft.commands.arguments.GameProfileArgument","dm","fingerprint-exact"
"x_3567_w","TrappedChestBlock","net.minecraft.world.level.block.TrappedChestBlock","cbc","fingerprint-exact"
"X_3615_l","StructureProcessor","net.minecraft.world.level.levelgen.structure.templatesystem.StructureProcessor","csy","fingerprint-exact"
"x_363_L","CaveSpiderRenderer","net.minecraft.client.renderer.entity.CaveSpiderRenderer","eef","fingerprint-exact"
"x_3672_g","MobEffectTextureManager","net.minecraft.client.resources.MobEffectTextureManager","ekp","fingerprint-exact"
"X_3744_n","ClientboundSoundPacket","net.minecraft.network.protocol.game.ClientboundSoundPacket","rn","fingerprint-exact"
"X_3778_x","NetherForestVegetationFeature","net.minecraft.world.level.levelgen.feature.NetherForestVegetationFeature","ckd","fingerprint-exact"
"X_3819_I","SkullBlock","net.minecraft.world.level.block.SkullBlock","bzv","fingerprint-exact"
"X_3829_f","RealmsDefaultUncaughtExceptionHandler","com.mojang.realmsclient.exception.RealmsDefaultUncaughtExceptionHandler","dhg","fingerprint-exact"
"x_3829_s","V1481","net.minecraft.util.datafix.schemas.V1481","amh","fingerprint-exact"
"x_4076_b","FungusBlock","net.minecraft.world.level.block.FungusBlock","bwx","fingerprint-exact"
"X_4107_F","StrollThroughVillageGoal","net.minecraft.world.entity.ai.goal.StrollThroughVillageGoal","axc","fingerprint-exact"
"x_4192_I","BlockStateStructureTemplateFix","net.minecraft.util.datafix.fixes.BlockStateStructureTemplateFix","aha","fingerprint-exact"
"X_4231_o","ImposterProtoChunk","net.minecraft.world.level.chunk.ImposterProtoChunk","cgg","fingerprint-exact"
"X_4508_y","WoodedBadlandsSurfaceBuilder","net.minecraft.world.level.levelgen.surfacebuilders.WoodedBadlandsSurfaceBuilder","ctx","fingerprint-exact"
"X_4540_r","MultiVariant","net.minecraft.client.renderer.block.model.MultiVariant","ebn","fingerprint-exact"
"X_4570_n","BeetrootBlock","net.minecraft.world.level.block.BeetrootBlock","bul","fingerprint-exact"
"x_577_B","DepthAverageConfigation","net.minecraft.world.level.levelgen.placement.DepthAverageConfigation","cpw","fingerprint-exact"
"Y_1056_r","EraseMemoryIf","net.minecraft.world.entity.ai.behavior.EraseMemoryIf","ase","fingerprint-exact"
"Y_1060_L","BrewingStandMenu","net.minecraft.world.inventory.BrewingStandMenu","bih","fingerprint-exact"
"Y_1064_R","AccessibilityOptionsScreen","net.minecraft.client.gui.screens.AccessibilityOptionsScreen","dnm","fingerprint-exact"
"y_1108_b","ModelState","net.minecraft.client.resources.model.ModelState","elv","fingerprint-exact"
"Y_1135_J","BlockPileConfiguration","net.minecraft.world.level.levelgen.feature.configurations.BlockPileConfiguration","clr","fingerprint-exact"
"y_1143_G","ServerInterface","net.minecraft.server.ServerInterface","vy","fingerprint-exact"
"y_1199_b","UndeadHorseRenderer","net.minecraft.client.renderer.entity.UndeadHorseRenderer","ehf","fingerprint-exact"
"y_1225_H","BlockPlacer","net.minecraft.world.level.levelgen.feature.blockplacers.BlockPlacer","cll","fingerprint-exact"
"y_1266_K","TagCommand","net.minecraft.server.commands.TagCommand","yn","fingerprint-exact"
"y_1291_K","SilverfishRenderer","net.minecraft.client.renderer.entity.SilverfishRenderer","egp","fingerprint-exact"
"Y_1293_Y","ExplosionDamageCalculator","net.minecraft.world.level.ExplosionDamageCalculator","brq","fingerprint-exact"
"y_1300_I","LanServer","net.minecraft.client.server.LanServer","enh","fingerprint-exact"
"y_1404_W","CloseServerTask","com.mojang.realmsclient.util.task.CloseServerTask","diw","fingerprint-exact"
"Y_1506_i","SetHiddenState","net.minecraft.world.entity.ai.behavior.SetHiddenState","atm","fingerprint-exact"
"y_1591_G","PardonIpCommand","net.minecraft.server.commands.PardonIpCommand","xp","fingerprint-exact"
"Y_162_E","SleepInBed","net.minecraft.world.entity.ai.behavior.SleepInBed","atu","fingerprint-exact"
"y_1648_L","SnowLayerBlock","net.minecraft.world.level.block.SnowLayerBlock","caa","fingerprint-exact"
"Y_1749_k","SaplingBlock","net.minecraft.world.level.block.SaplingBlock","bzo","fingerprint-exact"
"Y_1825_z","BooleanOption","net.minecraft.client.BooleanOption","djj","fingerprint-exact"
"y_1873_P","ServerboundPlayerInputPacket","net.minecraft.network.protocol.game.ServerboundPlayerInputPacket","tb","fingerprint-exact"
"y_1926_z","ItemBasedSteering","net.minecraft.world.entity.ItemBasedSteering","aqj","fingerprint-exact"
"y_197_T","BrewingStandBlock","net.minecraft.world.level.block.BrewingStandBlock","bur","fingerprint-exact"
"y_1973_C","KelpPlantBlock","net.minecraft.world.level.block.KelpPlantBlock","bxu","fingerprint-exact"
"y_1986_h","CaveWorldCarver","net.minecraft.world.level.levelgen.carver.CaveWorldCarver","cia","fingerprint-exact"
"Y_2046_z","SimpleRecipeSerializer","net.minecraft.world.item.crafting.SimpleRecipeSerializer","bpa","fingerprint-exact"
"Y_2092_x","NewVillageFix","net.minecraft.util.datafix.fixes.NewVillageFix","ajw","fingerprint-exact"
"Y_2100_O","ResultSlot","net.minecraft.world.inventory.ResultSlot","bjn","fingerprint-exact"
"y_2235_B","Selector","net.minecraft.client.renderer.block.model.multipart.Selector","ebu","fingerprint-exact"
"Y_2283_E","EffectCommands","net.minecraft.server.commands.EffectCommands","wu","fingerprint-exact"
"y_2356_n","UploadStatus","com.mojang.realmsclient.client.UploadStatus","dgf","fingerprint-exact"
"y_2368_K","EntityRedundantChanceTagsFix","net.minecraft.util.datafix.fixes.EntityRedundantChanceTagsFix","aid","fingerprint-exact"
"Y_2496_m","ProjectileWeaponItem","net.minecraft.world.item.ProjectileWeaponItem","bmo","fingerprint-exact"
"Y_2498_n","Slot","net.minecraft.world.inventory.Slot","bjr","fingerprint-exact"
"Y_2514_i","NoiseColumn","net.minecraft.world.level.NoiseColumn","bsh","fingerprint-exact"
"y_2530_y","Spread32Decorator","net.minecraft.world.level.levelgen.placement.Spread32Decorator","cqp","fingerprint-exact"
"y_2561_O","SugarCaneBlock","net.minecraft.world.level.block.SugarCaneBlock","cas","fingerprint-exact"
"Y_2568_y","ThrownTridentRenderer","net.minecraft.client.renderer.entity.ThrownTridentRenderer","egz","fingerprint-exact"
"y_2636_h","TargetBlock","net.minecraft.world.level.block.TargetBlock","cay","fingerprint-exact"
"y_2652_R","PoweredBlock","net.minecraft.world.level.block.PoweredBlock","byw","fingerprint-exact"
"y_2654_S","CommandBlockEditScreen","net.minecraft.client.gui.screens.inventory.CommandBlockEditScreen","dpy","fingerprint-exact"
"Y_2768_o","SimpleCriterionTrigger","net.minecraft.advancements.critereon.SimpleCriterionTrigger","ck","fingerprint-exact"
"Y_295_e","DropperBlock","net.minecraft.world.level.block.DropperBlock","bwf","fingerprint-exact"
"y_2980_k","particlesParticleOptions","net.minecraft.core.particles.ParticleOptions","hf","fingerprint-exact"
"Y_3138_I","UseOnContext","net.minecraft.world.item.context.UseOnContext","boa","fingerprint-exact"
"y_3174_r","HoglinBase","net.minecraft.world.entity.monster.hoglin.HoglinBase","beo","fingerprint-exact"
"Y_3184_l","SoundInstance","net.minecraft.client.resources.sounds.SoundInstance","emt","fingerprint-exact"
"y_3232_k","BeeAggressiveSoundInstance","net.minecraft.client.resources.sounds.BeeAggressiveSoundInstance","emf","fingerprint-exact"
"Y_3322_X","Cow","net.minecraft.world.entity.animal.Cow","bae","fingerprint-exact"
"Y_3628_K","TrunkVineDecorator","net.minecraft.world.level.levelgen.feature.treedecorators.TrunkVineDecorator","cot","fingerprint-exact"
"Y_364_R","ClientboundSetEquipmentPacket","net.minecraft.network.protocol.game.ClientboundSetEquipmentPacket","rd","fingerprint-exact"
"y_3723_X","SpawnEggItem","net.minecraft.world.item.SpawnEggItem","bna","fingerprint-exact"
"y_3725_F","ItemArgument","net.minecraft.commands.arguments.item.ItemArgument","ew","fingerprint-exact"
"y_38_X","FoxModel","net.minecraft.client.model.FoxModel","due","fingerprint-exact"
"y_3808_S","Endermite","net.minecraft.world.entity.monster.Endermite","bdh","fingerprint-exact"
"Y_3828_A","CatModel","net.minecraft.client.model.CatModel","dtp","fingerprint-exact"
"Y_3954_O","FletchingTableBlock","net.minecraft.world.level.block.FletchingTableBlock","bwt","fingerprint-exact"
"y_4069_M","BooleanOp","net.minecraft.world.phys.shapes.BooleanOp","dcr","fingerprint-exact"
"Y_4108_G","V1483","net.minecraft.util.datafix.schemas.V1483","ami","fingerprint-exact"
"Y_4169_k","PillagerOutpostFeature","net.minecraft.world.level.levelgen.feature.PillagerOutpostFeature","ckj","fingerprint-exact"
"y_4224_h","BoatItem","net.minecraft.world.item.BoatItem","bki","fingerprint-exact"
"Y_4284_E","BigContext","net.minecraft.world.level.newbiome.context.BigContext","cvj","fingerprint-exact"
"Y_4307_E","ReorganizePoi","net.minecraft.util.datafix.fixes.ReorganizePoi","aks","fingerprint-exact"
"Y_443_g","StructureFeatureIndexSavedData","net.minecraft.world.level.levelgen.structure.StructureFeatureIndexSavedData","crt","fingerprint-exact"
"y_4575_r","RunningTrimmedMean","net.minecraft.client.renderer.RunningTrimmedMean","eap","fingerprint-exact"
"y_4735_z","WorldCreationTask","com.mojang.realmsclient.util.task.WorldCreationTask","djg","fingerprint-exact"
"y_4774_f","ReloadableSearchTree","net.minecraft.client.searchtree.ReloadableSearchTree","ena","fingerprint-exact"
"y_4774_U","BrigadierExceptions","net.minecraft.commands.BrigadierExceptions","cx","fingerprint-exact"
"Y_4875_x","TropicalFishModelB","net.minecraft.client.model.TropicalFishModelB","dwb","fingerprint-exact"
"Y_4904_j","BlockUtil","net.minecraft.BlockUtil","i","fingerprint-exact"
"y_607_Q","HugeFungusConfiguration","net.minecraft.world.level.levelgen.feature.HugeFungusConfiguration","cjq","fingerprint-exact"
"Y_613_p","ZombieVillagerRenderer","net.minecraft.client.renderer.entity.ZombieVillagerRenderer","ehr","fingerprint-exact"
"Y_695_x","PaintingRenderer","net.minecraft.client.renderer.entity.PaintingRenderer","efz","fingerprint-exact"
"y_806_C","IronGolemCrackinessLayer","net.minecraft.client.renderer.entity.layers.IronGolemCrackinessLayer","eil","fingerprint-exact"
"Y_890_Q","Tag","net.minecraft.nbt.Tag","mt","fingerprint-exact"
"Y_945_c","ResetRaidStatus","net.minecraft.world.entity.ai.behavior.ResetRaidStatus","atf","fingerprint-exact"
"y_991_E","SalmonRenderer","net.minecraft.client.renderer.entity.SalmonRenderer","egl","fingerprint-exact"
"Z_1205_h","FrostWalkerEnchantment","net.minecraft.world.item.enchantment.FrostWalkerEnchantment","bpz","fingerprint-exact"
"z_1210_S","WitherSkeleton","net.minecraft.world.entity.monster.WitherSkeleton","beh","fingerprint-exact"
"z_1270_q","CoralFeature","net.minecraft.world.level.levelgen.feature.CoralFeature","ciy","fingerprint-exact"
"Z_1568_c","AbstractSkeleton","net.minecraft.world.entity.monster.AbstractSkeleton","bcz","fingerprint-exact"
"z_1587_A","ProcessorChunkProgressListener","net.minecraft.server.level.progress.ProcessorChunkProgressListener","aas","fingerprint-exact"
"Z_1601_A","BlockAndTintGetter","net.minecraft.world.level.BlockAndTintGetter","bra","fingerprint-exact"
"Z_1679_O","CartographyTableBlock","net.minecraft.world.level.block.CartographyTableBlock","bva","fingerprint-exact"
"Z_1727_D","BatModel","net.minecraft.client.model.BatModel","dtk","fingerprint-exact"
"z_1877_A","TradeWithPlayerGoal","net.minecraft.world.entity.ai.goal.TradeWithPlayerGoal","axg","fingerprint-exact"
"z_1935_u","LlamaSpitModel","net.minecraft.client.model.LlamaSpitModel","dut","fingerprint-exact"
"Z_1975_n","InteractionResultHolder","net.minecraft.world.InteractionResultHolder","aov","fingerprint-exact"
"z_1991_h","AdvancementsRenameFix","net.minecraft.util.datafix.fixes.AdvancementsRenameFix","agg","fingerprint-exact"
"Z_2026_y","DecoratedFeatureConfiguration","net.minecraft.world.level.levelgen.feature.configurations.DecoratedFeatureConfiguration","clv","fingerprint-exact"
"Z_2093_p","HumanoidMobRenderer","net.minecraft.client.renderer.entity.HumanoidMobRenderer","efh","fingerprint-exact"
"z_2217_A","Hopper","net.minecraft.world.level.block.entity.Hopper","ccx","fingerprint-exact"
"Z_236_v","FoodOnAStickItem","net.minecraft.world.item.FoodOnAStickItem","blr","fingerprint-exact"
"Z_2527_F","V1800","net.minecraft.util.datafix.schemas.V1800","aml","fingerprint-exact"
"Z_2557_o","WorldCoordinates","net.minecraft.commands.arguments.coordinates.WorldCoordinates","et","fingerprint-exact"
"z_2718_N","JukeboxBlock","net.minecraft.world.level.block.JukeboxBlock","bxs","fingerprint-exact"
"z_2761_G","ItemPropertyFunction","net.minecraft.client.renderer.item.ItemPropertyFunction","ejn","fingerprint-exact"
"Z_2840_x","OcelotRenderer","net.minecraft.client.renderer.entity.OcelotRenderer","efy","fingerprint-exact"
"Z_3039_x","RecipeUpdateListener","net.minecraft.client.gui.screens.recipebook.RecipeUpdateListener","drv","fingerprint-exact"
"z_3053_V","PandaModel","net.minecraft.client.model.PandaModel","duy","fingerprint-exact"
"z_3064_u","RangeDecoratorConfiguration","net.minecraft.world.level.levelgen.feature.configurations.RangeDecoratorConfiguration","cmo","fingerprint-exact"
"z_3125_f","CartographyTableScreen","net.minecraft.client.gui.screens.inventory.CartographyTableScreen","dpx","fingerprint-exact"
"z_3154_a","Mount","net.minecraft.world.entity.ai.behavior.Mount","asw","fingerprint-exact"
"z_3279_s","StriderRenderer","net.minecraft.client.renderer.entity.StriderRenderer","egx","fingerprint-exact"
"Z_330_d","CampfireSmokeParticle","net.minecraft.client.particle.CampfireSmokeParticle","dxm","fingerprint-exact"
"z_3349_w","RecipeToast","net.minecraft.client.gui.components.toasts.RecipeToast","dmo","fingerprint-exact"
"z_3378_x","AbstractDragonPhaseInstance","net.minecraft.world.entity.boss.enderdragon.phases.AbstractDragonPhaseInstance","bbt","fingerprint-exact"
"Z_3409_J","DragonSittingScanningPhase","net.minecraft.world.entity.boss.enderdragon.phases.DragonSittingScanningPhase","bce","fingerprint-exact"
"z_3541_E","ComponentCollector","net.minecraft.client.ComponentCollector","djo","fingerprint-exact"
"Z_3573_Z","TimeArgument","net.minecraft.commands.arguments.TimeArgument","ed","fingerprint-exact"
"Z_3643_c","BeeStingerLayer","net.minecraft.client.renderer.entity.layers.BeeStingerLayer","eht","fingerprint-exact"
"z_37_a","SavedData","net.minecraft.world.level.saveddata.SavedData","cxs","fingerprint-exact"
"Z_3768_i","BeeSoundInstance","net.minecraft.client.resources.sounds.BeeSoundInstance","emh","fingerprint-exact"
"Z_3789_N","AnvilMenu","net.minecraft.world.inventory.AnvilMenu","bie","fingerprint-exact"
"Z_392_t","TntRenderer","net.minecraft.client.renderer.entity.TntRenderer","ehc","fingerprint-exact"
"Z_4024_B","soundsSoundEventRegistration","net.minecraft.client.resources.sounds.SoundEventRegistration","emr","fingerprint-exact"
"z_4060_B","ErrorCallback","com.mojang.realmsclient.gui.ErrorCallback","dhk","fingerprint-exact"
"z_4078_j","SpectralArrowItem","net.minecraft.world.item.SpectralArrowItem","bnb","fingerprint-exact"
"z_4078_X","ResetProfession","net.minecraft.world.entity.ai.behavior.ResetProfession","ate","fingerprint-exact"
"Z_4095_P","ClientboundRemoveMobEffectPacket","net.minecraft.network.protocol.game.ClientboundRemoveMobEffectPacket","qn","fingerprint-exact"
"Z_4100_C","ClientboundSelectAdvancementsTabPacket","net.minecraft.network.protocol.game.ClientboundSelectAdvancementsTabPacket","qs","fingerprint-exact"
"Z_4248_J","particleCritParticle2","net.minecraft.client.particle.CritParticle","dxn","fingerprint-exact"
"z_4374_r","ClientboundSoundEntityPacket","net.minecraft.network.protocol.game.ClientboundSoundEntityPacket","rm","fingerprint-exact"
"Z_4396_m","ServerResources","net.minecraft.server.ServerResources","vz","fingerprint-exact"
"z_4426_v","RegionFileVersion","net.minecraft.world.level.chunk.storage.RegionFileVersion","cha","fingerprint-exact"
"z_4455_E","WrappedMinMaxBounds","net.minecraft.advancements.critereon.WrappedMinMaxBounds","cu","fingerprint-exact"
"z_4461_L","EndGatewayConfiguration","net.minecraft.world.level.levelgen.feature.configurations.EndGatewayConfiguration","clz","fingerprint-exact"
"Z_4472_J","StructureFeatures","net.minecraft.data.worldgen.StructureFeatures","ko","fingerprint-exact"
"Z_452_f","ServerboundPaddleBoatPacket","net.minecraft.network.protocol.game.ServerboundPaddleBoatPacket","sv","fingerprint-exact"
"Z_4563_j","AbstractDragonSittingPhase","net.minecraft.world.entity.boss.enderdragon.phases.AbstractDragonSittingPhase","bbu","fingerprint-exact"
"Z_4630_g","ClientboundSetExperiencePacket","net.minecraft.network.protocol.game.ClientboundSetExperiencePacket","re","fingerprint-exact"
"Z_4658_Y","BlockEntityUUIDFix","net.minecraft.util.datafix.fixes.BlockEntityUUIDFix","agv","fingerprint-exact"
"Z_4667_A","enchantmentMultiShotEnchantment","net.minecraft.world.item.enchantment.MultiShotEnchantment","bqd","fingerprint-exact"
"Z_469_o","ServerboundPlayerAbilitiesPacket","net.minecraft.network.protocol.game.ServerboundPlayerAbilitiesPacket","sy","fingerprint-exact"
"Z_4722_K","SimpleMenuProvider","net.minecraft.world.SimpleMenuProvider","apb","fingerprint-exact"
"Z_475_V","ClientboundMerchantOffersPacket","net.minecraft.network.protocol.game.ClientboundMerchantOffersPacket","pz","fingerprint-exact"
"z_4769_H","HurtBySensor","net.minecraft.world.entity.ai.sensing.HurtBySensor","ays","fingerprint-exact"
"z_4853_Y","EmptyProfileResults","net.minecraft.util.profiling.EmptyProfileResults","anr","fingerprint-exact"
"Z_4858_D","V1466","net.minecraft.util.datafix.schemas.V1466","amf","fingerprint-exact"
"z_4879_G","IpBanListEntry","net.minecraft.server.players.IpBanListEntry","acs","fingerprint-exact"
"z_538_m","EntityAnchorArgument","net.minecraft.commands.arguments.EntityAnchorArgument","dj","fingerprint-exact"
"z_571_D","ArmorStandRenderer","net.minecraft.client.renderer.entity.ArmorStandRenderer","edy","fingerprint-exact"
"Z_578_V","ClientboundBlockEventPacket","net.minecraft.network.protocol.game.ClientboundBlockEventPacket","ox","fingerprint-exact"
"Z_610_H","SwizzleArgument","net.minecraft.commands.arguments.coordinates.SwizzleArgument","ep","fingerprint-exact"
"z_643_M","ZombieVillagerRebuildXpFix","net.minecraft.util.datafix.fixes.ZombieVillagerRebuildXpFix","alk","fingerprint-exact"
"z_776_N","AcaciaTreeGrower","net.minecraft.world.level.block.grower.AcaciaTreeGrower","cdr","fingerprint-exact"
"Z_797_u","PackMetadataSection","net.minecraft.server.packs.metadata.pack.PackMetadataSection","abo","fingerprint-exact"
"z_805_t","RecipeBookMenu","net.minecraft.world.inventory.RecipeBookMenu","bjj","fingerprint-exact"
"z_856_W","CipherDecoder","net.minecraft.network.CipherDecoder","mz","fingerprint-exact"
"Z_884_u","ProfileResults","net.minecraft.util.profiling.ProfileResults","anv","fingerprint-exact"
"Z_935_G","ShulkerSharedHelper","net.minecraft.world.ShulkerSharedHelper","aoz","fingerprint-exact"
